"Measure","Year","Ethnicity","Ethnicity_type","Sex","Age group","Offence group","Immediate Custody","all sentenced","Value","Value_type "
"Sentences and custody","2009","Asian","ONS 2001 5+1","All","All","All","3946","13615","29.0","%"
"Sentences and custody","2009","Black","ONS 2001 5+2","All","All","All","6800","23362","29.1","%"
"Sentences and custody","2009","Mixed","ONS 2001 5+3","All","All","All","1869","8055","23.2","%"
"Sentences and custody","2009","Not stated","ONS 2001 5+4","All","All","All","15211","48742","31.2","%"
"Sentences and custody","2009","Other inc Chinese","ONS 2001 5+5","All","All","All","1506","3769","40.0","%"
"Sentences and custody","2009","White","ONS 2001 5+6","All","All","All","50933","229047","22.2","%"
"Sentences and custody","2010","Asian","ONS 2001 5+7","All","All","All","4609","15658","29.4","%"
"Sentences and custody","2010","Black","ONS 2001 5+8","All","All","All","7436","26224","28.4","%"
"Sentences and custody","2010","Mixed","ONS 2001 5+9","All","All","All","2191","9516","23.0","%"
"Sentences and custody","2010","Not stated","ONS 2001 5+10","All","All","All","8196","35001","23.4","%"
"Sentences and custody","2010","Other inc Chinese","ONS 2001 5+11","All","All","All","1671","4290","39.0","%"
"Sentences and custody","2010","White","ONS 2001 5+12","All","All","All","58836","256731","22.9","%"
"Sentences and custody","2011","Asian","ONS 2001 5+13","All","All","All","4892","15713","31.1","%"
"Sentences and custody","2011","Black","ONS 2001 5+14","All","All","All","8034","26466","30.4","%"
"Sentences and custody","2011","Mixed","ONS 2001 5+15","All","All","All","2563","9649","26.6","%"
"Sentences and custody","2011","Not stated","ONS 2001 5+16","All","All","All","7468","33334","22.4","%"
"Sentences and custody","2011","Other inc Chinese","ONS 2001 5+17","All","All","All","1518","3968","38.3","%"
"Sentences and custody","2011","White","ONS 2001 5+18","All","All","All","63032","252664","24.9","%"
"Sentences and custody","2012","Asian","ONS 2001 5+19","All","All","All","4438","13846","32.1","%"
"Sentences and custody","2012","Black","ONS 2001 5+20","All","All","All","7184","22986","31.3","%"
"Sentences and custody","2012","Mixed","ONS 2001 5+21","All","All","All","2321","8416","27.6","%"
"Sentences and custody","2012","Not stated","ONS 2001 5+22","All","All","All","8474","33478","25.3","%"
"Sentences and custody","2012","Other inc Chinese","ONS 2001 5+23","All","All","All","1388","3496","39.7","%"
"Sentences and custody","2012","White","ONS 2001 5+24","All","All","All","57254","223867","25.6","%"
"Sentences and custody","2013","Asian","ONS 2001 5+25","All","All","All","4066","13118","31.0","%"
"Sentences and custody","2013","Black","ONS 2001 5+26","All","All","All","6383","21698","29.4","%"
"Sentences and custody","2013","Mixed","ONS 2001 5+27","All","All","All","2198","7869","27.9","%"
"Sentences and custody","2013","Not stated","ONS 2001 5+28","All","All","All","8552","34474","24.8","%"
"Sentences and custody","2013","Other inc Chinese","ONS 2001 5+29","All","All","All","1291","3429","37.6","%"
"Sentences and custody","2013","White","ONS 2001 5+30","All","All","All","55470","210712","26.3","%"
"Sentences and custody","2014","Asian","ONS 2001 5+31","All","All","All","3945","12368","31.9","%"
"Sentences and custody","2014","Black","ONS 2001 5+32","All","All","All","6146","20618","29.8","%"
"Sentences and custody","2014","Mixed","ONS 2001 5+33","All","All","All","2006","7205","27.8","%"
"Sentences and custody","2014","Not stated","ONS 2001 5+34","All","All","All","8388","37350","22.5","%"
"Sentences and custody","2014","Other inc Chinese","ONS 2001 5+35","All","All","All","1042","2891","36.0","%"
"Sentences and custody","2014","White","ONS 2001 5+36","All","All","All","54246","199898","27.1","%"
"Sentences and custody","2015","Asian","ONS 2001 5+37","All","All","All","3982","11875","33.5","%"
"Sentences and custody","2015","Black","ONS 2001 5+38","All","All","All","6027","19662","30.7","%"
"Sentences and custody","2015","Mixed","ONS 2001 5+39","All","All","All","1990","7012","28.4","%"
"Sentences and custody","2015","Not stated","ONS 2001 5+40","All","All","All","9608","40527","23.7","%"
"Sentences and custody","2015","Other inc Chinese","ONS 2001 5+41","All","All","All","1017","2883","35.3","%"
"Sentences and custody","2015","White","ONS 2001 5+42","All","All","All","51738","181268","28.5","%"
"Sentences and custody","2016","Asian","ONS 2001 5+43","All","All","All","4038","11682","34.6","%"
"Sentences and custody","2016","Black","ONS 2001 5+44","All","All","All","6223","19858","31.3","%"
"Sentences and custody","2016","Mixed","ONS 2001 5+45","All","All","All","1917","6074","31.6","%"
"Sentences and custody","2016","Not stated","ONS 2001 5+46","All","All","All","12042","44867","26.8","%"
"Sentences and custody","2016","Other inc Chinese","ONS 2001 5+47","All","All","All","827","2479","33.4","%"
"Sentences and custody","2016","White","ONS 2001 5+48","All","All","All","48897","157550","31.0","%"
"Sentences and custody","2017","Asian","ONS 2001 5+49","All","All","All","3758","10513","35.7","%"
"Sentences and custody","2017","Black","ONS 2001 5+50","All","All","All","6001","18142","33.1","%"
"Sentences and custody","2017","Mixed","ONS 2001 5+51","All","All","All","1704","5270","32.3","%"
"Sentences and custody","2017","Not stated","ONS 2001 5+52","All","All","All","13438","48720","27.6","%"
"Sentences and custody","2017","Other inc Chinese","ONS 2001 5+53","All","All","All","776","2220","35.0","%"
"Sentences and custody","2017","White","ONS 2001 5+54","All","All","All","45505","138834","32.8","%"
"Sentences and custody","2009","Asian","ONS 2001 5+55","All","Adults","All","3316","10202","32.5","%"
"Sentences and custody","2009","Asian","ONS 2001 5+56","All","Juveniles","All","177","1629","10.9","%"
"Sentences and custody","2009","Asian","ONS 2001 5+57","All","Young adults","All","453","1784","25.4","%"
"Sentences and custody","2009","Black","ONS 2001 5+58","All","Adults","All","5446","16283","33.4","%"
"Sentences and custody","2009","Black","ONS 2001 5+59","All","Juveniles","All","437","3835","11.4","%"
"Sentences and custody","2009","Black","ONS 2001 5+60","All","Young adults","All","917","3244","28.3","%"
"Sentences and custody","2009","Mixed","ONS 2001 5+61","All","Adults","All","1277","4543","28.1","%"
"Sentences and custody","2009","Mixed","ONS 2001 5+62","All","Juveniles","All","218","1991","10.9","%"
"Sentences and custody","2009","Mixed","ONS 2001 5+63","All","Young adults","All","374","1521","24.6","%"
"Sentences and custody","2009","Not stated","ONS 2001 5+64","All","Adults","All","12474","38730","32.2","%"
"Sentences and custody","2009","Not stated","ONS 2001 5+65","All","Juveniles","All","669","4319","15.5","%"
"Sentences and custody","2009","Not stated","ONS 2001 5+66","All","Young adults","All","2068","5693","36.3","%"
"Sentences and custody","2009","Other inc Chinese","ONS 2001 5+67","All","Adults","All","1356","3060","44.3","%"
"Sentences and custody","2009","Other inc Chinese","ONS 2001 5+68","All","Juveniles","All","44","311","14.1","%"
"Sentences and custody","2009","Other inc Chinese","ONS 2001 5+69","All","Young adults","All","106","398","26.6","%"
"Sentences and custody","2009","White","ONS 2001 5+70","All","Adults","All","41145","165209","24.9","%"
"Sentences and custody","2009","White","ONS 2001 5+71","All","Juveniles","All","2733","31900","8.6","%"
"Sentences and custody","2009","White","ONS 2001 5+72","All","Young adults","All","7055","31938","22.1","%"
"Sentences and custody","2010","Asian","ONS 2001 5+73","All","Adults","All","3809","11834","32.2","%"
"Sentences and custody","2010","Asian","ONS 2001 5+74","All","Juveniles","All","215","1708","12.6","%"
"Sentences and custody","2010","Asian","ONS 2001 5+75","All","Young adults","All","585","2116","27.6","%"
"Sentences and custody","2010","Black","ONS 2001 5+76","All","Adults","All","5880","18171","32.4","%"
"Sentences and custody","2010","Black","ONS 2001 5+77","All","Juveniles","All","493","4219","11.7","%"
"Sentences and custody","2010","Black","ONS 2001 5+78","All","Young adults","All","1063","3834","27.7","%"
"Sentences and custody","2010","Mixed","ONS 2001 5+79","All","Adults","All","1549","5674","27.3","%"
"Sentences and custody","2010","Mixed","ONS 2001 5+80","All","Juveniles","All","203","2016","10.1","%"
"Sentences and custody","2010","Mixed","ONS 2001 5+81","All","Young adults","All","439","1826","24.0","%"
"Sentences and custody","2010","Not stated","ONS 2001 5+82","All","Adults","All","6875","28458","24.2","%"
"Sentences and custody","2010","Not stated","ONS 2001 5+83","All","Juveniles","All","379","3184","11.9","%"
"Sentences and custody","2010","Not stated","ONS 2001 5+84","All","Young adults","All","942","3359","28.0","%"
"Sentences and custody","2010","Other inc Chinese","ONS 2001 5+85","All","Adults","All","1491","3527","42.3","%"
"Sentences and custody","2010","Other inc Chinese","ONS 2001 5+86","All","Juveniles","All","35","305","11.5","%"
"Sentences and custody","2010","Other inc Chinese","ONS 2001 5+87","All","Young adults","All","145","458","31.7","%"
"Sentences and custody","2010","White","ONS 2001 5+88","All","Adults","All","49016","192017","25.5","%"
"Sentences and custody","2010","White","ONS 2001 5+89","All","Juveniles","All","2378","30065","7.9","%"
"Sentences and custody","2010","White","ONS 2001 5+90","All","Young adults","All","7442","34649","21.5","%"
"Sentences and custody","2011","Asian","ONS 2001 5+91","All","Adults","All","4036","11831","34.1","%"
"Sentences and custody","2011","Asian","ONS 2001 5+92","All","Juveniles","All","230","1678","13.7","%"
"Sentences and custody","2011","Asian","ONS 2001 5+93","All","Young adults","All","626","2204","28.4","%"
"Sentences and custody","2011","Black","ONS 2001 5+94","All","Adults","All","6237","18410","33.9","%"
"Sentences and custody","2011","Black","ONS 2001 5+95","All","Juveniles","All","601","4316","13.9","%"
"Sentences and custody","2011","Black","ONS 2001 5+96","All","Young adults","All","1196","3740","32.0","%"
"Sentences and custody","2011","Mixed","ONS 2001 5+97","All","Adults","All","1846","5938","31.1","%"
"Sentences and custody","2011","Mixed","ONS 2001 5+98","All","Juveniles","All","214","2032","10.5","%"
"Sentences and custody","2011","Mixed","ONS 2001 5+99","All","Young adults","All","503","1679","30.0","%"
"Sentences and custody","2011","Not stated","ONS 2001 5+100","All","Adults","All","6422","27425","23.4","%"
"Sentences and custody","2011","Not stated","ONS 2001 5+101","All","Juveniles","All","386","3209","12.0","%"
"Sentences and custody","2011","Not stated","ONS 2001 5+102","All","Young adults","All","660","2700","24.4","%"
"Sentences and custody","2011","Other inc Chinese","ONS 2001 5+103","All","Adults","All","1313","3206","41.0","%"
"Sentences and custody","2011","Other inc Chinese","ONS 2001 5+104","All","Juveniles","All","45","326","13.8","%"
"Sentences and custody","2011","Other inc Chinese","ONS 2001 5+105","All","Young adults","All","160","436","36.7","%"
"Sentences and custody","2011","White","ONS 2001 5+106","All","Adults","All","53569","195524","27.4","%"
"Sentences and custody","2011","White","ONS 2001 5+107","All","Juveniles","All","2273","25324","9.0","%"
"Sentences and custody","2011","White","ONS 2001 5+108","All","Young adults","All","7190","31816","22.6","%"
"Sentences and custody","2012","Asian","ONS 2001 5+109","All","Adults","All","3743","10652","35.1","%"
"Sentences and custody","2012","Asian","ONS 2001 5+110","All","Juveniles","All","153","1366","11.2","%"
"Sentences and custody","2012","Asian","ONS 2001 5+111","All","Young adults","All","542","1828","29.6","%"
"Sentences and custody","2012","Black","ONS 2001 5+112","All","Adults","All","5704","16528","34.5","%"
"Sentences and custody","2012","Black","ONS 2001 5+113","All","Juveniles","All","467","3297","14.2","%"
"Sentences and custody","2012","Black","ONS 2001 5+114","All","Young adults","All","1013","3161","32.0","%"
"Sentences and custody","2012","Mixed","ONS 2001 5+115","All","Adults","All","1774","5552","32.0","%"
"Sentences and custody","2012","Mixed","ONS 2001 5+116","All","Juveniles","All","160","1489","10.7","%"
"Sentences and custody","2012","Mixed","ONS 2001 5+117","All","Young adults","All","387","1375","28.1","%"
"Sentences and custody","2012","Not stated","ONS 2001 5+118","All","Adults","All","7329","27482","26.7","%"
"Sentences and custody","2012","Not stated","ONS 2001 5+119","All","Juveniles","All","354","3056","11.6","%"
"Sentences and custody","2012","Not stated","ONS 2001 5+120","All","Young adults","All","791","2940","26.9","%"
"Sentences and custody","2012","Other inc Chinese","ONS 2001 5+121","All","Adults","All","1207","2825","42.7","%"
"Sentences and custody","2012","Other inc Chinese","ONS 2001 5+122","All","Juveniles","All","41","289","14.2","%"
"Sentences and custody","2012","Other inc Chinese","ONS 2001 5+123","All","Young adults","All","140","382","36.6","%"
"Sentences and custody","2012","White","ONS 2001 5+124","All","Adults","All","50219","180409","27.8","%"
"Sentences and custody","2012","White","ONS 2001 5+125","All","Juveniles","All","1534","18557","8.3","%"
"Sentences and custody","2012","White","ONS 2001 5+126","All","Young adults","All","5501","24901","22.1","%"
"Sentences and custody","2013","Asian","ONS 2001 5+127","All","Adults","All","3534","10591","33.4","%"
"Sentences and custody","2013","Asian","ONS 2001 5+128","All","Juveniles","All","119","1075","11.1","%"
"Sentences and custody","2013","Asian","ONS 2001 5+129","All","Young adults","All","413","1452","28.4","%"
"Sentences and custody","2013","Black","ONS 2001 5+130","All","Adults","All","5242","16287","32.2","%"
"Sentences and custody","2013","Black","ONS 2001 5+131","All","Juveniles","All","324","2582","12.5","%"
"Sentences and custody","2013","Black","ONS 2001 5+132","All","Young adults","All","817","2829","28.9","%"
"Sentences and custody","2013","Mixed","ONS 2001 5+133","All","Adults","All","1736","5510","31.5","%"
"Sentences and custody","2013","Mixed","ONS 2001 5+134","All","Juveniles","All","125","1113","11.2","%"
"Sentences and custody","2013","Mixed","ONS 2001 5+135","All","Young adults","All","337","1246","27.0","%"
"Sentences and custody","2013","Not stated","ONS 2001 5+136","All","Adults","All","7570","29420","25.7","%"
"Sentences and custody","2013","Not stated","ONS 2001 5+137","All","Juveniles","All","308","2409","12.8","%"
"Sentences and custody","2013","Not stated","ONS 2001 5+138","All","Young adults","All","674","2645","25.5","%"
"Sentences and custody","2013","Other inc Chinese","ONS 2001 5+139","All","Adults","All","1180","2889","40.8","%"
"Sentences and custody","2013","Other inc Chinese","ONS 2001 5+140","All","Juveniles","All","21","203","10.3","%"
"Sentences and custody","2013","Other inc Chinese","ONS 2001 5+141","All","Young adults","All","90","337","26.7","%"
"Sentences and custody","2013","White","ONS 2001 5+142","All","Adults","All","49757","176838","28.1","%"
"Sentences and custody","2013","White","ONS 2001 5+143","All","Juveniles","All","1191","13663","8.7","%"
"Sentences and custody","2013","White","ONS 2001 5+144","All","Young adults","All","4522","20211","22.4","%"
"Sentences and custody","2014","Asian","ONS 2001 5+145","All","Adults","All","3476","10115","34.4","%"
"Sentences and custody","2014","Asian","ONS 2001 5+146","All","Juveniles","All","90","822","10.9","%"
"Sentences and custody","2014","Asian","ONS 2001 5+147","All","Young adults","All","379","1431","26.5","%"
"Sentences and custody","2014","Black","ONS 2001 5+148","All","Adults","All","5101","15652","32.6","%"
"Sentences and custody","2014","Black","ONS 2001 5+149","All","Juveniles","All","240","2102","11.4","%"
"Sentences and custody","2014","Black","ONS 2001 5+150","All","Young adults","All","805","2864","28.1","%"
"Sentences and custody","2014","Mixed","ONS 2001 5+151","All","Adults","All","1615","5142","31.4","%"
"Sentences and custody","2014","Mixed","ONS 2001 5+152","All","Juveniles","All","102","979","10.4","%"
"Sentences and custody","2014","Mixed","ONS 2001 5+153","All","Young adults","All","289","1084","26.7","%"
"Sentences and custody","2014","Not stated","ONS 2001 5+154","All","Adults","All","7483","32522","23.0","%"
"Sentences and custody","2014","Not stated","ONS 2001 5+155","All","Juveniles","All","219","2140","10.2","%"
"Sentences and custody","2014","Not stated","ONS 2001 5+156","All","Young adults","All","686","2688","25.5","%"
"Sentences and custody","2014","Other inc Chinese","ONS 2001 5+157","All","Adults","All","930","2435","38.2","%"
"Sentences and custody","2014","Other inc Chinese","ONS 2001 5+158","All","Juveniles","All","15","151","9.9","%"
"Sentences and custody","2014","Other inc Chinese","ONS 2001 5+159","All","Young adults","All","97","305","31.8","%"
"Sentences and custody","2014","White","ONS 2001 5+160","All","Adults","All","48975","170379","28.7","%"
"Sentences and custody","2014","White","ONS 2001 5+161","All","Juveniles","All","953","11374","8.4","%"
"Sentences and custody","2014","White","ONS 2001 5+162","All","Young adults","All","4318","18145","23.8","%"
"Sentences and custody","2015","Asian","ONS 2001 5+163","All","Adults","All","3508","9802","35.8","%"
"Sentences and custody","2015","Asian","ONS 2001 5+164","All","Juveniles","All","118","775","15.2","%"
"Sentences and custody","2015","Asian","ONS 2001 5+165","All","Young adults","All","356","1298","27.4","%"
"Sentences and custody","2015","Black","ONS 2001 5+166","All","Adults","All","4955","14889","33.3","%"
"Sentences and custody","2015","Black","ONS 2001 5+167","All","Juveniles","All","256","1985","12.9","%"
"Sentences and custody","2015","Black","ONS 2001 5+168","All","Young adults","All","816","2788","29.3","%"
"Sentences and custody","2015","Mixed","ONS 2001 5+169","All","Adults","All","1648","5147","32.0","%"
"Sentences and custody","2015","Mixed","ONS 2001 5+170","All","Juveniles","All","86","882","9.8","%"
"Sentences and custody","2015","Mixed","ONS 2001 5+171","All","Young adults","All","256","983","26.0","%"
"Sentences and custody","2015","Not stated","ONS 2001 5+172","All","Adults","All","8646","35515","24.3","%"
"Sentences and custody","2015","Not stated","ONS 2001 5+173","All","Juveniles","All","227","2250","10.1","%"
"Sentences and custody","2015","Not stated","ONS 2001 5+174","All","Young adults","All","735","2762","26.6","%"
"Sentences and custody","2015","Other inc Chinese","ONS 2001 5+175","All","Adults","All","892","2390","37.3","%"
"Sentences and custody","2015","Other inc Chinese","ONS 2001 5+176","All","Juveniles","All","27","180","15.0","%"
"Sentences and custody","2015","Other inc Chinese","ONS 2001 5+177","All","Young adults","All","98","313","31.3","%"
"Sentences and custody","2015","White","ONS 2001 5+178","All","Adults","All","47303","156804","30.2","%"
"Sentences and custody","2015","White","ONS 2001 5+179","All","Juveniles","All","854","9357","9.1","%"
"Sentences and custody","2015","White","ONS 2001 5+180","All","Young adults","All","3581","15107","23.7","%"
"Sentences and custody","2016","Asian","ONS 2001 5+181","All","Adults","All","3586","9641","37.2","%"
"Sentences and custody","2016","Asian","ONS 2001 5+182","All","Juveniles","All","96","735","13.1","%"
"Sentences and custody","2016","Asian","ONS 2001 5+183","All","Young adults","All","356","1306","27.3","%"
"Sentences and custody","2016","Black","ONS 2001 5+184","All","Adults","All","5134","14938","34.4","%"
"Sentences and custody","2016","Black","ONS 2001 5+185","All","Juveniles","All","237","1992","11.9","%"
"Sentences and custody","2016","Black","ONS 2001 5+186","All","Young adults","All","852","2928","29.1","%"
"Sentences and custody","2016","Mixed","ONS 2001 5+187","All","Adults","All","1572","4492","35.0","%"
"Sentences and custody","2016","Mixed","ONS 2001 5+188","All","Juveniles","All","72","703","10.2","%"
"Sentences and custody","2016","Mixed","ONS 2001 5+189","All","Young adults","All","273","879","31.1","%"
"Sentences and custody","2016","Not stated","ONS 2001 5+190","All","Adults","All","10856","39143","27.7","%"
"Sentences and custody","2016","Not stated","ONS 2001 5+191","All","Juveniles","All","276","2522","10.9","%"
"Sentences and custody","2016","Not stated","ONS 2001 5+192","All","Young adults","All","910","3202","28.4","%"
"Sentences and custody","2016","Other inc Chinese","ONS 2001 5+193","All","Adults","All","723","2031","35.6","%"
"Sentences and custody","2016","Other inc Chinese","ONS 2001 5+194","All","Juveniles","All","17","153","11.1","%"
"Sentences and custody","2016","Other inc Chinese","ONS 2001 5+195","All","Young adults","All","87","295","29.5","%"
"Sentences and custody","2016","White","ONS 2001 5+196","All","Adults","All","45061","137908","32.7","%"
"Sentences and custody","2016","White","ONS 2001 5+197","All","Juveniles","All","674","7347","9.2","%"
"Sentences and custody","2016","White","ONS 2001 5+198","All","Young adults","All","3162","12295","25.7","%"
"Sentences and custody","2017","Asian","ONS 2001 5+199","All","Adults","All","3307","8683","38.1","%"
"Sentences and custody","2017","Asian","ONS 2001 5+200","All","Juveniles","All","61","593","10.3","%"
"Sentences and custody","2017","Asian","ONS 2001 5+201","All","Young adults","All","390","1237","31.5","%"
"Sentences and custody","2017","Black","ONS 2001 5+202","All","Adults","All","4863","13460","36.1","%"
"Sentences and custody","2017","Black","ONS 2001 5+203","All","Juveniles","All","263","1917","13.7","%"
"Sentences and custody","2017","Black","ONS 2001 5+204","All","Young adults","All","875","2765","31.6","%"
"Sentences and custody","2017","Mixed","ONS 2001 5+205","All","Adults","All","1384","3885","35.6","%"
"Sentences and custody","2017","Mixed","ONS 2001 5+206","All","Juveniles","All","67","586","11.4","%"
"Sentences and custody","2017","Mixed","ONS 2001 5+207","All","Young adults","All","253","799","31.7","%"
"Sentences and custody","2017","Not stated","ONS 2001 5+208","All","Adults","All","12064","41839","28.8","%"
"Sentences and custody","2017","Not stated","ONS 2001 5+209","All","Juveniles","All","375","3369","11.1","%"
"Sentences and custody","2017","Not stated","ONS 2001 5+210","All","Young adults","All","999","3512","28.4","%"
"Sentences and custody","2017","Other inc Chinese","ONS 2001 5+211","All","Adults","All","685","1821","37.6","%"
"Sentences and custody","2017","Other inc Chinese","ONS 2001 5+212","All","Juveniles","All","12","146","8.2","%"
"Sentences and custody","2017","Other inc Chinese","ONS 2001 5+213","All","Young adults","All","79","253","31.2","%"
"Sentences and custody","2017","White","ONS 2001 5+214","All","Adults","All","42171","122374","34.5","%"
"Sentences and custody","2017","White","ONS 2001 5+215","All","Juveniles","All","621","6291","9.9","%"
"Sentences and custody","2017","White","ONS 2001 5+216","All","Young adults","All","2713","10169","26.7","%"
"Sentences and custody","2009","Asian","ONS 2001 5+217","Female","All","All","155","844","18.4","%"
"Sentences and custody","2009","Asian","ONS 2001 5+218","Male","All","All","3788","12759","29.7","%"
"Sentences and custody","2009","Black","ONS 2001 5+219","Female","All","All","638","2937","21.7","%"
"Sentences and custody","2009","Black","ONS 2001 5+220","Male","All","All","6155","20378","30.2","%"
"Sentences and custody","2009","Mixed","ONS 2001 5+221","Female","All","All","169","1203","14.0","%"
"Sentences and custody","2009","Mixed","ONS 2001 5+222","Male","All","All","1699","6840","24.8","%"
"Sentences and custody","2009","Not stated","ONS 2001 5+223","Female","All","All","1353","8713","15.5","%"
"Sentences and custody","2009","Not stated","ONS 2001 5+224","Male","All","All","13688","38611","35.5","%"
"Sentences and custody","2009","Other inc Chinese","ONS 2001 5+225","Female","All","All","168","561","29.9","%"
"Sentences and custody","2009","Other inc Chinese","ONS 2001 5+226","Male","All","All","1336","3199","41.8","%"
"Sentences and custody","2009","White","ONS 2001 5+227","Female","All","All","4488","34616","13.0","%"
"Sentences and custody","2009","White","ONS 2001 5+228","Male","All","All","46408","194223","23.9","%"
"Sentences and custody","2010","Asian","ONS 2001 5+229","Female","All","All","164","943","17.4","%"
"Sentences and custody","2010","Asian","ONS 2001 5+230","Male","All","All","4443","14702","30.2","%"
"Sentences and custody","2010","Black","ONS 2001 5+231","Female","All","All","640","3108","20.6","%"
"Sentences and custody","2010","Black","ONS 2001 5+232","Male","All","All","6792","23083","29.4","%"
"Sentences and custody","2010","Mixed","ONS 2001 5+233","Female","All","All","219","1387","15.8","%"
"Sentences and custody","2010","Mixed","ONS 2001 5+234","Male","All","All","1972","8120","24.3","%"
"Sentences and custody","2010","Not stated","ONS 2001 5+235","Female","All","All","855","7216","11.8","%"
"Sentences and custody","2010","Not stated","ONS 2001 5+236","Male","All","All","7182","26211","27.4","%"
"Sentences and custody","2010","Other inc Chinese","ONS 2001 5+237","Female","All","All","158","607","26.0","%"
"Sentences and custody","2010","Other inc Chinese","ONS 2001 5+238","Male","All","All","1512","3679","41.1","%"
"Sentences and custody","2010","White","ONS 2001 5+239","Female","All","All","5030","37685","13.3","%"
"Sentences and custody","2010","White","ONS 2001 5+240","Male","All","All","53795","218898","24.6","%"
"Sentences and custody","2011","Asian","ONS 2001 5+241","Female","All","All","171","904","18.9","%"
"Sentences and custody","2011","Asian","ONS 2001 5+242","Male","All","All","4718","14792","31.9","%"
"Sentences and custody","2011","Black","ONS 2001 5+243","Female","All","All","624","2784","22.4","%"
"Sentences and custody","2011","Black","ONS 2001 5+244","Male","All","All","7408","23650","31.3","%"
"Sentences and custody","2011","Mixed","ONS 2001 5+245","Female","All","All","235","1343","17.5","%"
"Sentences and custody","2011","Mixed","ONS 2001 5+246","Male","All","All","2327","8301","28.0","%"
"Sentences and custody","2011","Not stated","ONS 2001 5+247","Female","All","All","847","6744","12.6","%"
"Sentences and custody","2011","Not stated","ONS 2001 5+248","Male","All","All","6430","24651","26.1","%"
"Sentences and custody","2011","Other inc Chinese","ONS 2001 5+249","Female","All","All","134","513","26.1","%"
"Sentences and custody","2011","Other inc Chinese","ONS 2001 5+250","Male","All","All","1384","3450","40.1","%"
"Sentences and custody","2011","White","ONS 2001 5+251","Female","All","All","5275","36091","14.6","%"
"Sentences and custody","2011","White","ONS 2001 5+252","Male","All","All","57733","216385","26.7","%"
"Sentences and custody","2012","Asian","ONS 2001 5+253","Female","All","All","142","757","18.8","%"
"Sentences and custody","2012","Asian","ONS 2001 5+254","Male","All","All","4296","13069","32.9","%"
"Sentences and custody","2012","Black","ONS 2001 5+255","Female","All","All","491","2240","21.9","%"
"Sentences and custody","2012","Black","ONS 2001 5+256","Male","All","All","6686","20710","32.3","%"
"Sentences and custody","2012","Mixed","ONS 2001 5+257","Female","All","All","217","1046","20.7","%"
"Sentences and custody","2012","Mixed","ONS 2001 5+258","Male","All","All","2103","7355","28.6","%"
"Sentences and custody","2012","Not stated","ONS 2001 5+259","Female","All","All","828","6159","13.4","%"
"Sentences and custody","2012","Not stated","ONS 2001 5+260","Male","All","All","7321","25303","28.9","%"
"Sentences and custody","2012","Other inc Chinese","ONS 2001 5+261","Female","All","All","120","441","27.2","%"
"Sentences and custody","2012","Other inc Chinese","ONS 2001 5+262","Male","All","All","1265","3048","41.5","%"
"Sentences and custody","2012","White","ONS 2001 5+263","Female","All","All","4831","31949","15.1","%"
"Sentences and custody","2012","White","ONS 2001 5+264","Male","All","All","52395","191691","27.3","%"
"Sentences and custody","2013","Asian","ONS 2001 5+265","Female","All","All","114","727","15.7","%"
"Sentences and custody","2013","Asian","ONS 2001 5+266","Male","All","All","3947","12355","31.9","%"
"Sentences and custody","2013","Black","ONS 2001 5+267","Female","All","All","397","1945","20.4","%"
"Sentences and custody","2013","Black","ONS 2001 5+268","Male","All","All","5981","19716","30.3","%"
"Sentences and custody","2013","Mixed","ONS 2001 5+269","Female","All","All","167","956","17.5","%"
"Sentences and custody","2013","Mixed","ONS 2001 5+270","Male","All","All","2030","6906","29.4","%"
"Sentences and custody","2013","Not stated","ONS 2001 5+271","Female","All","All","863","6641","13.0","%"
"Sentences and custody","2013","Not stated","ONS 2001 5+272","Male","All","All","7391","25599","28.9","%"
"Sentences and custody","2013","Other inc Chinese","ONS 2001 5+273","Female","All","All","101","432","23.4","%"
"Sentences and custody","2013","Other inc Chinese","ONS 2001 5+274","Male","All","All","1189","2989","39.8","%"
"Sentences and custody","2013","White","ONS 2001 5+275","Female","All","All","4603","30151","15.3","%"
"Sentences and custody","2013","White","ONS 2001 5+276","Male","All","All","50828","180276","28.2","%"
"Sentences and custody","2014","Asian","ONS 2001 5+277","Female","All","All","122","662","18.4","%"
"Sentences and custody","2014","Asian","ONS 2001 5+278","Male","All","All","3818","11676","32.7","%"
"Sentences and custody","2014","Black","ONS 2001 5+279","Female","All","All","386","1955","19.7","%"
"Sentences and custody","2014","Black","ONS 2001 5+280","Male","All","All","5755","18625","30.9","%"
"Sentences and custody","2014","Mixed","ONS 2001 5+281","Female","All","All","166","1007","16.5","%"
"Sentences and custody","2014","Mixed","ONS 2001 5+282","Male","All","All","1837","6183","29.7","%"
"Sentences and custody","2014","Not stated","ONS 2001 5+283","Female","All","All","825","7956","10.4","%"
"Sentences and custody","2014","Not stated","ONS 2001 5+284","Male","All","All","7332","27103","27.1","%"
"Sentences and custody","2014","Other inc Chinese","ONS 2001 5+285","Female","All","All","94","380","24.7","%"
"Sentences and custody","2014","Other inc Chinese","ONS 2001 5+286","Male","All","All","946","2507","37.7","%"
"Sentences and custody","2014","White","ONS 2001 5+287","Female","All","All","4979","30062","16.6","%"
"Sentences and custody","2014","White","ONS 2001 5+288","Male","All","All","49211","169494","29.0","%"
"Sentences and custody","2015","Asian","ONS 2001 5+289","Female","All","All","106","650","16.3","%"
"Sentences and custody","2015","Asian","ONS 2001 5+290","Male","All","All","3870","11191","34.6","%"
"Sentences and custody","2015","Black","ONS 2001 5+291","Female","All","All","355","1863","19.1","%"
"Sentences and custody","2015","Black","ONS 2001 5+292","Male","All","All","5668","17745","31.9","%"
"Sentences and custody","2015","Mixed","ONS 2001 5+293","Female","All","All","188","969","19.4","%"
"Sentences and custody","2015","Mixed","ONS 2001 5+294","Male","All","All","1799","6029","29.8","%"
"Sentences and custody","2015","Not stated","ONS 2001 5+295","Female","All","All","914","8328","11.0","%"
"Sentences and custody","2015","Not stated","ONS 2001 5+296","Male","All","All","8401","29853","28.1","%"
"Sentences and custody","2015","Other inc Chinese","ONS 2001 5+297","Female","All","All","74","370","20.0","%"
"Sentences and custody","2015","Other inc Chinese","ONS 2001 5+298","Male","All","All","940","2505","37.5","%"
"Sentences and custody","2015","White","ONS 2001 5+299","Female","All","All","4776","27323","17.5","%"
"Sentences and custody","2015","White","ONS 2001 5+300","Male","All","All","46919","153665","30.5","%"
"Sentences and custody","2016","Asian","ONS 2001 5+301","Female","All","All","126","632","19.9","%"
"Sentences and custody","2016","Asian","ONS 2001 5+302","Male","All","All","3910","11019","35.5","%"
"Sentences and custody","2016","Black","ONS 2001 5+303","Female","All","All","354","1685","21.0","%"
"Sentences and custody","2016","Black","ONS 2001 5+304","Male","All","All","5853","18098","32.3","%"
"Sentences and custody","2016","Mixed","ONS 2001 5+305","Female","All","All","150","737","20.4","%"
"Sentences and custody","2016","Mixed","ONS 2001 5+306","Male","All","All","1762","5321","33.1","%"
"Sentences and custody","2016","Not stated","ONS 2001 5+307","Female","All","All","1126","7885","14.3","%"
"Sentences and custody","2016","Not stated","ONS 2001 5+308","Male","All","All","10669","34596","30.8","%"
"Sentences and custody","2016","Other inc Chinese","ONS 2001 5+309","Female","All","All","58","277","20.9","%"
"Sentences and custody","2016","Other inc Chinese","ONS 2001 5+310","Male","All","All","769","2195","35.0","%"
"Sentences and custody","2016","White","ONS 2001 5+311","Female","All","All","4511","23707","19.0","%"
"Sentences and custody","2016","White","ONS 2001 5+312","Male","All","All","44323","133536","33.2","%"
"Sentences and custody","2017","Asian","ONS 2001 5+313","Female","All","All","106","507","20.9","%"
"Sentences and custody","2017","Asian","ONS 2001 5+314","Male","All","All","3644","9959","36.6","%"
"Sentences and custody","2017","Black","ONS 2001 5+315","Female","All","All","290","1417","20.5","%"
"Sentences and custody","2017","Black","ONS 2001 5+316","Male","All","All","5702","16656","34.2","%"
"Sentences and custody","2017","Mixed","ONS 2001 5+317","Female","All","All","159","679","23.4","%"
"Sentences and custody","2017","Mixed","ONS 2001 5+318","Male","All","All","1541","4574","33.7","%"
"Sentences and custody","2017","Not stated","ONS 2001 5+319","Female","All","All","1217","8425","14.4","%"
"Sentences and custody","2017","Not stated","ONS 2001 5+320","Male","All","All","11956","37879","31.6","%"
"Sentences and custody","2017","Other inc Chinese","ONS 2001 5+321","Female","All","All","62","253","24.5","%"
"Sentences and custody","2017","Other inc Chinese","ONS 2001 5+322","Male","All","All","714","1964","36.4","%"
"Sentences and custody","2017","White","ONS 2001 5+323","Female","All","All","4451","20936","21.3","%"
"Sentences and custody","2017","White","ONS 2001 5+324","Male","All","All","40998","117586","34.9","%"
"Sentences and custody","2009","Asian","ONS 2001 5+325","All","All","Criminal damage and arson","31","135","23.0","%"
"Sentences and custody","2009","Asian","ONS 2001 5+326","All","All","Drug offences","793","3784","21.0","%"
"Sentences and custody","2009","Asian","ONS 2001 5+327","All","All","Fraud Offences","224","689","32.5","%"
"Sentences and custody","2009","Asian","ONS 2001 5+328","All","All","Miscellaneous crimes agains","910","2257","40.3","%"
"Sentences and custody","2009","Asian","ONS 2001 5+329","All","All","Possession of weapons","130","665","19.5","%"
"Sentences and custody","2009","Asian","ONS 2001 5+330","All","All","Public order offences","190","671","28.3","%"
"Sentences and custody","2009","Asian","ONS 2001 5+331","All","All","Robbery","230","535","43.0","%"
"Sentences and custody","2009","Asian","ONS 2001 5+332","All","All","Sexual offences","160","317","50.5","%"
"Sentences and custody","2009","Asian","ONS 2001 5+333","All","All","Theft Offences","787","3339","23.6","%"
"Sentences and custody","2009","Asian","ONS 2001 5+334","All","All","Violence against the person","491","1223","40.1","%"
"Sentences and custody","2009","Black","ONS 2001 5+335","All","All","Criminal damage and arson","20","178","11.2","%"
"Sentences and custody","2009","Black","ONS 2001 5+336","All","All","Drug offences","1216","6674","18.2","%"
"Sentences and custody","2009","Black","ONS 2001 5+337","All","All","Fraud Offences","302","979","30.8","%"
"Sentences and custody","2009","Black","ONS 2001 5+338","All","All","Miscellaneous crimes agains","1331","3340","39.9","%"
"Sentences and custody","2009","Black","ONS 2001 5+339","All","All","Possession of weapons","427","1530","27.9","%"
"Sentences and custody","2009","Black","ONS 2001 5+340","All","All","Public order offences","302","961","31.4","%"
"Sentences and custody","2009","Black","ONS 2001 5+341","All","All","Robbery","688","1522","45.2","%"
"Sentences and custody","2009","Black","ONS 2001 5+342","All","All","Sexual offences","198","312","63.5","%"
"Sentences and custody","2009","Black","ONS 2001 5+343","All","All","Theft Offences","1543","6188","24.9","%"
"Sentences and custody","2009","Black","ONS 2001 5+344","All","All","Violence against the person","773","1678","46.1","%"
"Sentences and custody","2009","Mixed","ONS 2001 5+345","All","All","Criminal damage and arson","11","105","10.5","%"
"Sentences and custody","2009","Mixed","ONS 2001 5+346","All","All","Drug offences","243","2068","11.8","%"
"Sentences and custody","2009","Mixed","ONS 2001 5+347","All","All","Fraud Offences","35","186","18.8","%"
"Sentences and custody","2009","Mixed","ONS 2001 5+348","All","All","Miscellaneous crimes agains","246","943","26.1","%"
"Sentences and custody","2009","Mixed","ONS 2001 5+349","All","All","Possession of weapons","104","439","23.7","%"
"Sentences and custody","2009","Mixed","ONS 2001 5+350","All","All","Public order offences","105","357","29.4","%"
"Sentences and custody","2009","Mixed","ONS 2001 5+351","All","All","Robbery","183","469","39.0","%"
"Sentences and custody","2009","Mixed","ONS 2001 5+352","All","All","Sexual offences","39","65","60.0","%"
"Sentences and custody","2009","Mixed","ONS 2001 5+353","All","All","Theft Offences","613","2729","22.5","%"
"Sentences and custody","2009","Mixed","ONS 2001 5+354","All","All","Violence against the person","290","694","41.8","%"
"Sentences and custody","2009","Not stated","ONS 2001 5+355","All","All","Criminal damage and arson","197","863","22.8","%"
"Sentences and custody","2009","Not stated","ONS 2001 5+356","All","All","Drug offences","2042","5987","34.1","%"
"Sentences and custody","2009","Not stated","ONS 2001 5+357","All","All","Fraud Offences","781","6791","11.5","%"
"Sentences and custody","2009","Not stated","ONS 2001 5+358","All","All","Miscellaneous crimes agains","2629","10563","24.9","%"
"Sentences and custody","2009","Not stated","ONS 2001 5+359","All","All","Possession of weapons","617","1848","33.4","%"
"Sentences and custody","2009","Not stated","ONS 2001 5+360","All","All","Public order offences","835","2370","35.2","%"
"Sentences and custody","2009","Not stated","ONS 2001 5+361","All","All","Robbery","1170","1649","71.0","%"
"Sentences and custody","2009","Not stated","ONS 2001 5+362","All","All","Sexual offences","618","974","63.4","%"
"Sentences and custody","2009","Not stated","ONS 2001 5+363","All","All","Theft Offences","4112","12864","32.0","%"
"Sentences and custody","2009","Not stated","ONS 2001 5+364","All","All","Violence against the person","2210","4833","45.7","%"
"Sentences and custody","2009","Other inc Chinese","ONS 2001 5+365","All","All","Criminal damage and arson","6","30","20.0","%"
"Sentences and custody","2009","Other inc Chinese","ONS 2001 5+366","All","All","Drug offences","376","770","48.8","%"
"Sentences and custody","2009","Other inc Chinese","ONS 2001 5+367","All","All","Fraud Offences","109","236","46.2","%"
"Sentences and custody","2009","Other inc Chinese","ONS 2001 5+368","All","All","Miscellaneous crimes agains","468","912","51.3","%"
"Sentences and custody","2009","Other inc Chinese","ONS 2001 5+369","All","All","Possession of weapons","35","176","19.9","%"
"Sentences and custody","2009","Other inc Chinese","ONS 2001 5+370","All","All","Public order offences","32","102","31.4","%"
"Sentences and custody","2009","Other inc Chinese","ONS 2001 5+371","All","All","Robbery","53","102","52.0","%"
"Sentences and custody","2009","Other inc Chinese","ONS 2001 5+372","All","All","Sexual offences","47","70","67.1","%"
"Sentences and custody","2009","Other inc Chinese","ONS 2001 5+373","All","All","Theft Offences","295","1148","25.7","%"
"Sentences and custody","2009","Other inc Chinese","ONS 2001 5+374","All","All","Violence against the person","85","223","38.1","%"
"Sentences and custody","2009","White","ONS 2001 5+375","All","All","Criminal damage and arson","679","5963","11.4","%"
"Sentences and custody","2009","White","ONS 2001 5+376","All","All","Drug offences","4756","37373","12.7","%"
"Sentences and custody","2009","White","ONS 2001 5+377","All","All","Fraud Offences","1203","5802","20.7","%"
"Sentences and custody","2009","White","ONS 2001 5+378","All","All","Miscellaneous crimes agains","4999","25734","19.4","%"
"Sentences and custody","2009","White","ONS 2001 5+379","All","All","Possession of weapons","2149","10396","20.7","%"
"Sentences and custody","2009","White","ONS 2001 5+380","All","All","Public order offences","3683","12391","29.7","%"
"Sentences and custody","2009","White","ONS 2001 5+381","All","All","Robbery","2831","4387","64.5","%"
"Sentences and custody","2009","White","ONS 2001 5+382","All","All","Sexual offences","1878","3290","57.1","%"
"Sentences and custody","2009","White","ONS 2001 5+383","All","All","Theft Offences","21074","101869","20.7","%"
"Sentences and custody","2009","White","ONS 2001 5+384","All","All","Violence against the person","7681","21842","35.2","%"
"Sentences and custody","2010","Asian","ONS 2001 5+385","All","All","Criminal damage and arson","25","131","19.1","%"
"Sentences and custody","2010","Asian","ONS 2001 5+386","All","All","Drug offences","1076","4468","24.1","%"
"Sentences and custody","2010","Asian","ONS 2001 5+387","All","All","Fraud Offences","234","797","29.4","%"
"Sentences and custody","2010","Asian","ONS 2001 5+388","All","All","Miscellaneous crimes agains","827","2400","34.5","%"
"Sentences and custody","2010","Asian","ONS 2001 5+389","All","All","Possession of weapons","128","554","23.1","%"
"Sentences and custody","2010","Asian","ONS 2001 5+390","All","All","Public order offences","215","827","26.0","%"
"Sentences and custody","2010","Asian","ONS 2001 5+391","All","All","Robbery","327","691","47.3","%"
"Sentences and custody","2010","Asian","ONS 2001 5+392","All","All","Sexual offences","220","434","50.7","%"
"Sentences and custody","2010","Asian","ONS 2001 5+393","All","All","Theft Offences","950","3881","24.5","%"
"Sentences and custody","2010","Asian","ONS 2001 5+394","All","All","Violence against the person","607","1475","41.2","%"
"Sentences and custody","2010","Black","ONS 2001 5+395","All","All","Criminal damage and arson","35","204","17.2","%"
"Sentences and custody","2010","Black","ONS 2001 5+396","All","All","Drug offences","1441","7624","18.9","%"
"Sentences and custody","2010","Black","ONS 2001 5+397","All","All","Fraud Offences","318","1108","28.7","%"
"Sentences and custody","2010","Black","ONS 2001 5+398","All","All","Miscellaneous crimes agains","1252","3615","34.6","%"
"Sentences and custody","2010","Black","ONS 2001 5+399","All","All","Possession of weapons","446","1626","27.4","%"
"Sentences and custody","2010","Black","ONS 2001 5+400","All","All","Public order offences","319","1071","29.8","%"
"Sentences and custody","2010","Black","ONS 2001 5+401","All","All","Robbery","804","1762","45.6","%"
"Sentences and custody","2010","Black","ONS 2001 5+402","All","All","Sexual offences","223","376","59.3","%"
"Sentences and custody","2010","Black","ONS 2001 5+403","All","All","Theft Offences","1696","6923","24.5","%"
"Sentences and custody","2010","Black","ONS 2001 5+404","All","All","Violence against the person","902","1915","47.1","%"
"Sentences and custody","2010","Mixed","ONS 2001 5+405","All","All","Criminal damage and arson","19","116","16.4","%"
"Sentences and custody","2010","Mixed","ONS 2001 5+406","All","All","Drug offences","300","2415","12.4","%"
"Sentences and custody","2010","Mixed","ONS 2001 5+407","All","All","Fraud Offences","48","248","19.4","%"
"Sentences and custody","2010","Mixed","ONS 2001 5+408","All","All","Miscellaneous crimes agains","224","1159","19.3","%"
"Sentences and custody","2010","Mixed","ONS 2001 5+409","All","All","Possession of weapons","104","424","24.5","%"
"Sentences and custody","2010","Mixed","ONS 2001 5+410","All","All","Public order offences","124","456","27.2","%"
"Sentences and custody","2010","Mixed","ONS 2001 5+411","All","All","Robbery","257","578","44.5","%"
"Sentences and custody","2010","Mixed","ONS 2001 5+412","All","All","Sexual offences","42","76","55.3","%"
"Sentences and custody","2010","Mixed","ONS 2001 5+413","All","All","Theft Offences","755","3212","23.5","%"
"Sentences and custody","2010","Mixed","ONS 2001 5+414","All","All","Violence against the person","318","832","38.2","%"
"Sentences and custody","2010","Not stated","ONS 2001 5+415","All","All","Criminal damage and arson","102","591","17.3","%"
"Sentences and custody","2010","Not stated","ONS 2001 5+416","All","All","Drug offences","971","3692","26.3","%"
"Sentences and custody","2010","Not stated","ONS 2001 5+417","All","All","Fraud Offences","570","6614","8.6","%"
"Sentences and custody","2010","Not stated","ONS 2001 5+418","All","All","Miscellaneous crimes agains","1504","8433","17.8","%"
"Sentences and custody","2010","Not stated","ONS 2001 5+419","All","All","Possession of weapons","268","856","31.3","%"
"Sentences and custody","2010","Not stated","ONS 2001 5+420","All","All","Public order offences","527","1508","34.9","%"
"Sentences and custody","2010","Not stated","ONS 2001 5+421","All","All","Robbery","477","813","58.7","%"
"Sentences and custody","2010","Not stated","ONS 2001 5+422","All","All","Sexual offences","320","537","59.6","%"
"Sentences and custody","2010","Not stated","ONS 2001 5+423","All","All","Theft Offences","2532","9400","26.9","%"
"Sentences and custody","2010","Not stated","ONS 2001 5+424","All","All","Violence against the person","925","2557","36.2","%"
"Sentences and custody","2010","Other inc Chinese","ONS 2001 5+425","All","All","Criminal damage and arson","8","40","20.0","%"
"Sentences and custody","2010","Other inc Chinese","ONS 2001 5+426","All","All","Drug offences","453","923","49.1","%"
"Sentences and custody","2010","Other inc Chinese","ONS 2001 5+427","All","All","Fraud Offences","125","302","41.4","%"
"Sentences and custody","2010","Other inc Chinese","ONS 2001 5+428","All","All","Miscellaneous crimes agains","445","895","49.7","%"
"Sentences and custody","2010","Other inc Chinese","ONS 2001 5+429","All","All","Possession of weapons","30","145","20.7","%"
"Sentences and custody","2010","Other inc Chinese","ONS 2001 5+430","All","All","Public order offences","49","156","31.4","%"
"Sentences and custody","2010","Other inc Chinese","ONS 2001 5+431","All","All","Robbery","60","108","55.6","%"
"Sentences and custody","2010","Other inc Chinese","ONS 2001 5+432","All","All","Sexual offences","62","94","66.0","%"
"Sentences and custody","2010","Other inc Chinese","ONS 2001 5+433","All","All","Theft Offences","303","1320","23.0","%"
"Sentences and custody","2010","Other inc Chinese","ONS 2001 5+434","All","All","Violence against the person","136","307","44.3","%"
"Sentences and custody","2010","White","ONS 2001 5+435","All","All","Criminal damage and arson","811","6045","13.4","%"
"Sentences and custody","2010","White","ONS 2001 5+436","All","All","Drug offences","5452","42313","12.9","%"
"Sentences and custody","2010","White","ONS 2001 5+437","All","All","Fraud Offences","1362","6412","21.2","%"
"Sentences and custody","2010","White","ONS 2001 5+438","All","All","Miscellaneous crimes agains","5973","29812","20.0","%"
"Sentences and custody","2010","White","ONS 2001 5+439","All","All","Possession of weapons","1977","9385","21.1","%"
"Sentences and custody","2010","White","ONS 2001 5+440","All","All","Public order offences","4236","15236","27.8","%"
"Sentences and custody","2010","White","ONS 2001 5+441","All","All","Robbery","3021","4562","66.2","%"
"Sentences and custody","2010","White","ONS 2001 5+442","All","All","Sexual offences","2392","4203","56.9","%"
"Sentences and custody","2010","White","ONS 2001 5+443","All","All","Theft Offences","24757","113327","21.8","%"
"Sentences and custody","2010","White","ONS 2001 5+444","All","All","Violence against the person","8855","25436","34.8","%"
"Sentences and custody","2011","Asian","ONS 2001 5+445","All","All","Criminal damage and arson","31","125","24.8","%"
"Sentences and custody","2011","Asian","ONS 2001 5+446","All","All","Drug offences","1088","4585","23.7","%"
"Sentences and custody","2011","Asian","ONS 2001 5+447","All","All","Fraud Offences","292","893","32.7","%"
"Sentences and custody","2011","Asian","ONS 2001 5+448","All","All","Miscellaneous crimes agains","838","2234","37.5","%"
"Sentences and custody","2011","Asian","ONS 2001 5+449","All","All","Possession of weapons","138","552","25.0","%"
"Sentences and custody","2011","Asian","ONS 2001 5+450","All","All","Public order offences","218","794","27.5","%"
"Sentences and custody","2011","Asian","ONS 2001 5+451","All","All","Robbery","344","710","48.5","%"
"Sentences and custody","2011","Asian","ONS 2001 5+452","All","All","Sexual offences","241","472","51.1","%"
"Sentences and custody","2011","Asian","ONS 2001 5+453","All","All","Theft Offences","1050","3906","26.9","%"
"Sentences and custody","2011","Asian","ONS 2001 5+454","All","All","Violence against the person","652","1442","45.2","%"
"Sentences and custody","2011","Black","ONS 2001 5+455","All","All","Criminal damage and arson","38","209","18.2","%"
"Sentences and custody","2011","Black","ONS 2001 5+456","All","All","Drug offences","1487","7759","19.2","%"
"Sentences and custody","2011","Black","ONS 2001 5+457","All","All","Fraud Offences","339","1106","30.7","%"
"Sentences and custody","2011","Black","ONS 2001 5+458","All","All","Miscellaneous crimes agains","1141","3304","34.5","%"
"Sentences and custody","2011","Black","ONS 2001 5+459","All","All","Possession of weapons","488","1638","29.8","%"
"Sentences and custody","2011","Black","ONS 2001 5+460","All","All","Public order offences","382","1091","35.0","%"
"Sentences and custody","2011","Black","ONS 2001 5+461","All","All","Robbery","969","2067","46.9","%"
"Sentences and custody","2011","Black","ONS 2001 5+462","All","All","Sexual offences","229","389","58.9","%"
"Sentences and custody","2011","Black","ONS 2001 5+463","All","All","Theft Offences","2013","7073","28.5","%"
"Sentences and custody","2011","Black","ONS 2001 5+464","All","All","Violence against the person","948","1830","51.8","%"
"Sentences and custody","2011","Mixed","ONS 2001 5+465","All","All","Criminal damage and arson","16","110","14.5","%"
"Sentences and custody","2011","Mixed","ONS 2001 5+466","All","All","Drug offences","317","2374","13.4","%"
"Sentences and custody","2011","Mixed","ONS 2001 5+467","All","All","Fraud Offences","49","192","25.5","%"
"Sentences and custody","2011","Mixed","ONS 2001 5+468","All","All","Miscellaneous crimes agains","297","1126","26.4","%"
"Sentences and custody","2011","Mixed","ONS 2001 5+469","All","All","Possession of weapons","130","461","28.2","%"
"Sentences and custody","2011","Mixed","ONS 2001 5+470","All","All","Public order offences","132","468","28.2","%"
"Sentences and custody","2011","Mixed","ONS 2001 5+471","All","All","Robbery","302","622","48.6","%"
"Sentences and custody","2011","Mixed","ONS 2001 5+472","All","All","Sexual offences","47","91","51.6","%"
"Sentences and custody","2011","Mixed","ONS 2001 5+473","All","All","Theft Offences","887","3351","26.5","%"
"Sentences and custody","2011","Mixed","ONS 2001 5+474","All","All","Violence against the person","386","854","45.2","%"
"Sentences and custody","2011","Not stated","ONS 2001 5+475","All","All","Criminal damage and arson","80","490","16.3","%"
"Sentences and custody","2011","Not stated","ONS 2001 5+476","All","All","Drug offences","784","3763","20.8","%"
"Sentences and custody","2011","Not stated","ONS 2001 5+477","All","All","Fraud Offences","626","6182","10.1","%"
"Sentences and custody","2011","Not stated","ONS 2001 5+478","All","All","Miscellaneous crimes agains","1287","7481","17.2","%"
"Sentences and custody","2011","Not stated","ONS 2001 5+479","All","All","Possession of weapons","223","810","27.5","%"
"Sentences and custody","2011","Not stated","ONS 2001 5+480","All","All","Public order offences","462","1409","32.8","%"
"Sentences and custody","2011","Not stated","ONS 2001 5+481","All","All","Robbery","403","783","51.5","%"
"Sentences and custody","2011","Not stated","ONS 2001 5+482","All","All","Sexual offences","249","460","54.1","%"
"Sentences and custody","2011","Not stated","ONS 2001 5+483","All","All","Theft Offences","2636","9936","26.5","%"
"Sentences and custody","2011","Not stated","ONS 2001 5+484","All","All","Violence against the person","718","2020","35.5","%"
"Sentences and custody","2011","Other inc Chinese","ONS 2001 5+485","All","All","Criminal damage and arson","6","36","16.7","%"
"Sentences and custody","2011","Other inc Chinese","ONS 2001 5+486","All","All","Drug offences","348","808","43.1","%"
"Sentences and custody","2011","Other inc Chinese","ONS 2001 5+487","All","All","Fraud Offences","76","209","36.4","%"
"Sentences and custody","2011","Other inc Chinese","ONS 2001 5+488","All","All","Miscellaneous crimes agains","330","728","45.3","%"
"Sentences and custody","2011","Other inc Chinese","ONS 2001 5+489","All","All","Possession of weapons","44","160","27.5","%"
"Sentences and custody","2011","Other inc Chinese","ONS 2001 5+490","All","All","Public order offences","49","154","31.8","%"
"Sentences and custody","2011","Other inc Chinese","ONS 2001 5+491","All","All","Robbery","68","121","56.2","%"
"Sentences and custody","2011","Other inc Chinese","ONS 2001 5+492","All","All","Sexual offences","55","83","66.3","%"
"Sentences and custody","2011","Other inc Chinese","ONS 2001 5+493","All","All","Theft Offences","410","1387","29.6","%"
"Sentences and custody","2011","Other inc Chinese","ONS 2001 5+494","All","All","Violence against the person","132","282","46.8","%"
"Sentences and custody","2011","White","ONS 2001 5+495","All","All","Criminal damage and arson","865","5429","15.9","%"
"Sentences and custody","2011","White","ONS 2001 5+496","All","All","Drug offences","5764","41805","13.8","%"
"Sentences and custody","2011","White","ONS 2001 5+497","All","All","Fraud Offences","1564","6300","24.8","%"
"Sentences and custody","2011","White","ONS 2001 5+498","All","All","Miscellaneous crimes agains","6218","28891","21.5","%"
"Sentences and custody","2011","White","ONS 2001 5+499","All","All","Possession of weapons","2173","8818","24.6","%"
"Sentences and custody","2011","White","ONS 2001 5+500","All","All","Public order offences","4255","13942","30.5","%"
"Sentences and custody","2011","White","ONS 2001 5+501","All","All","Robbery","3502","5037","69.5","%"
"Sentences and custody","2011","White","ONS 2001 5+502","All","All","Sexual offences","2592","4433","58.5","%"
"Sentences and custody","2011","White","ONS 2001 5+503","All","All","Theft Offences","26800","113873","23.5","%"
"Sentences and custody","2011","White","ONS 2001 5+504","All","All","Violence against the person","9299","24136","38.5","%"
"Sentences and custody","2012","Asian","ONS 2001 5+505","All","All","Criminal damage and arson","20","92","21.7","%"
"Sentences and custody","2012","Asian","ONS 2001 5+506","All","All","Drug offences","956","3995","23.9","%"
"Sentences and custody","2012","Asian","ONS 2001 5+507","All","All","Fraud Offences","228","727","31.4","%"
"Sentences and custody","2012","Asian","ONS 2001 5+508","All","All","Miscellaneous crimes agains","709","1963","36.1","%"
"Sentences and custody","2012","Asian","ONS 2001 5+509","All","All","Possession of weapons","128","468","27.4","%"
"Sentences and custody","2012","Asian","ONS 2001 5+510","All","All","Public order offences","219","754","29.0","%"
"Sentences and custody","2012","Asian","ONS 2001 5+511","All","All","Robbery","342","745","45.9","%"
"Sentences and custody","2012","Asian","ONS 2001 5+512","All","All","Sexual offences","252","478","52.7","%"
"Sentences and custody","2012","Asian","ONS 2001 5+513","All","All","Theft Offences","987","3370","29.3","%"
"Sentences and custody","2012","Asian","ONS 2001 5+514","All","All","Violence against the person","597","1254","47.6","%"
"Sentences and custody","2012","Black","ONS 2001 5+515","All","All","Criminal damage and arson","25","196","12.8","%"
"Sentences and custody","2012","Black","ONS 2001 5+516","All","All","Drug offences","1331","7180","18.5","%"
"Sentences and custody","2012","Black","ONS 2001 5+517","All","All","Fraud Offences","282","987","28.6","%"
"Sentences and custody","2012","Black","ONS 2001 5+518","All","All","Miscellaneous crimes agains","833","2631","31.7","%"
"Sentences and custody","2012","Black","ONS 2001 5+519","All","All","Possession of weapons","386","1158","33.3","%"
"Sentences and custody","2012","Black","ONS 2001 5+520","All","All","Public order offences","377","964","39.1","%"
"Sentences and custody","2012","Black","ONS 2001 5+521","All","All","Robbery","901","1734","52.0","%"
"Sentences and custody","2012","Black","ONS 2001 5+522","All","All","Sexual offences","242","415","58.3","%"
"Sentences and custody","2012","Black","ONS 2001 5+523","All","All","Theft Offences","1916","6107","31.4","%"
"Sentences and custody","2012","Black","ONS 2001 5+524","All","All","Violence against the person","891","1614","55.2","%"
"Sentences and custody","2012","Mixed","ONS 2001 5+525","All","All","Criminal damage and arson","11","95","11.6","%"
"Sentences and custody","2012","Mixed","ONS 2001 5+526","All","All","Drug offences","334","2268","14.7","%"
"Sentences and custody","2012","Mixed","ONS 2001 5+527","All","All","Fraud Offences","42","189","22.2","%"
"Sentences and custody","2012","Mixed","ONS 2001 5+528","All","All","Miscellaneous crimes agains","219","875","25.0","%"
"Sentences and custody","2012","Mixed","ONS 2001 5+529","All","All","Possession of weapons","106","376","28.2","%"
"Sentences and custody","2012","Mixed","ONS 2001 5+530","All","All","Public order offences","135","419","32.2","%"
"Sentences and custody","2012","Mixed","ONS 2001 5+531","All","All","Robbery","257","562","45.7","%"
"Sentences and custody","2012","Mixed","ONS 2001 5+532","All","All","Sexual offences","50","84","59.5","%"
"Sentences and custody","2012","Mixed","ONS 2001 5+533","All","All","Theft Offences","837","2865","29.2","%"
"Sentences and custody","2012","Mixed","ONS 2001 5+534","All","All","Violence against the person","330","683","48.3","%"
"Sentences and custody","2012","Not stated","ONS 2001 5+535","All","All","Criminal damage and arson","84","487","17.2","%"
"Sentences and custody","2012","Not stated","ONS 2001 5+536","All","All","Drug offences","884","4230","20.9","%"
"Sentences and custody","2012","Not stated","ONS 2001 5+537","All","All","Fraud Offences","641","4456","14.4","%"
"Sentences and custody","2012","Not stated","ONS 2001 5+538","All","All","Miscellaneous crimes agains","1339","7359","18.2","%"
"Sentences and custody","2012","Not stated","ONS 2001 5+539","All","All","Possession of weapons","220","751","29.3","%"
"Sentences and custody","2012","Not stated","ONS 2001 5+540","All","All","Public order offences","544","1574","34.6","%"
"Sentences and custody","2012","Not stated","ONS 2001 5+541","All","All","Robbery","405","740","54.7","%"
"Sentences and custody","2012","Not stated","ONS 2001 5+542","All","All","Sexual offences","279","470","59.4","%"
"Sentences and custody","2012","Not stated","ONS 2001 5+543","All","All","Theft Offences","3237","11200","28.9","%"
"Sentences and custody","2012","Not stated","ONS 2001 5+544","All","All","Violence against the person","841","2211","38.0","%"
"Sentences and custody","2012","Other inc Chinese","ONS 2001 5+545","All","All","Criminal damage and arson","7","30","23.3","%"
"Sentences and custody","2012","Other inc Chinese","ONS 2001 5+546","All","All","Drug offences","322","740","43.5","%"
"Sentences and custody","2012","Other inc Chinese","ONS 2001 5+547","All","All","Fraud Offences","81","193","42.0","%"
"Sentences and custody","2012","Other inc Chinese","ONS 2001 5+548","All","All","Miscellaneous crimes agains","223","541","41.2","%"
"Sentences and custody","2012","Other inc Chinese","ONS 2001 5+549","All","All","Possession of weapons","21","106","19.8","%"
"Sentences and custody","2012","Other inc Chinese","ONS 2001 5+550","All","All","Public order offences","53","162","32.7","%"
"Sentences and custody","2012","Other inc Chinese","ONS 2001 5+551","All","All","Robbery","81","146","55.5","%"
"Sentences and custody","2012","Other inc Chinese","ONS 2001 5+552","All","All","Sexual offences","52","87","59.8","%"
"Sentences and custody","2012","Other inc Chinese","ONS 2001 5+553","All","All","Theft Offences","428","1246","34.3","%"
"Sentences and custody","2012","Other inc Chinese","ONS 2001 5+554","All","All","Violence against the person","120","245","49.0","%"
"Sentences and custody","2012","White","ONS 2001 5+555","All","All","Criminal damage and arson","742","4464","16.6","%"
"Sentences and custody","2012","White","ONS 2001 5+556","All","All","Drug offences","5184","39188","13.2","%"
"Sentences and custody","2012","White","ONS 2001 5+557","All","All","Fraud Offences","1355","5663","23.9","%"
"Sentences and custody","2012","White","ONS 2001 5+558","All","All","Miscellaneous crimes agains","5315","24456","21.7","%"
"Sentences and custody","2012","White","ONS 2001 5+559","All","All","Possession of weapons","1790","7305","24.5","%"
"Sentences and custody","2012","White","ONS 2001 5+560","All","All","Public order offences","3673","12303","29.9","%"
"Sentences and custody","2012","White","ONS 2001 5+561","All","All","Robbery","3016","4418","68.3","%"
"Sentences and custody","2012","White","ONS 2001 5+562","All","All","Sexual offences","2522","4181","60.3","%"
"Sentences and custody","2012","White","ONS 2001 5+563","All","All","Theft Offences","25095","101571","24.7","%"
"Sentences and custody","2012","White","ONS 2001 5+564","All","All","Violence against the person","8562","20318","42.1","%"
"Sentences and custody","2013","Asian","ONS 2001 5+565","All","All","Criminal damage and arson","29","98","29.6","%"
"Sentences and custody","2013","Asian","ONS 2001 5+566","All","All","Drug offences","908","3934","23.1","%"
"Sentences and custody","2013","Asian","ONS 2001 5+567","All","All","Fraud Offences","221","692","31.9","%"
"Sentences and custody","2013","Asian","ONS 2001 5+568","All","All","Miscellaneous crimes agains","682","1784","38.2","%"
"Sentences and custody","2013","Asian","ONS 2001 5+569","All","All","Possession of weapons","114","486","23.5","%"
"Sentences and custody","2013","Asian","ONS 2001 5+570","All","All","Public order offences","224","753","29.7","%"
"Sentences and custody","2013","Asian","ONS 2001 5+571","All","All","Robbery","267","548","48.7","%"
"Sentences and custody","2013","Asian","ONS 2001 5+572","All","All","Sexual offences","246","462","53.2","%"
"Sentences and custody","2013","Asian","ONS 2001 5+573","All","All","Theft Offences","854","3247","26.3","%"
"Sentences and custody","2013","Asian","ONS 2001 5+574","All","All","Violence against the person","521","1114","46.8","%"
"Sentences and custody","2013","Black","ONS 2001 5+575","All","All","Criminal damage and arson","15","142","10.6","%"
"Sentences and custody","2013","Black","ONS 2001 5+576","All","All","Drug offences","1373","7394","18.6","%"
"Sentences and custody","2013","Black","ONS 2001 5+577","All","All","Fraud Offences","262","917","28.6","%"
"Sentences and custody","2013","Black","ONS 2001 5+578","All","All","Miscellaneous crimes agains","755","2331","32.4","%"
"Sentences and custody","2013","Black","ONS 2001 5+579","All","All","Possession of weapons","343","1182","29.0","%"
"Sentences and custody","2013","Black","ONS 2001 5+580","All","All","Public order offences","306","935","32.7","%"
"Sentences and custody","2013","Black","ONS 2001 5+581","All","All","Robbery","653","1289","50.7","%"
"Sentences and custody","2013","Black","ONS 2001 5+582","All","All","Sexual offences","237","370","64.1","%"
"Sentences and custody","2013","Black","ONS 2001 5+583","All","All","Theft Offences","1646","5643","29.2","%"
"Sentences and custody","2013","Black","ONS 2001 5+584","All","All","Violence against the person","793","1495","53.0","%"
"Sentences and custody","2013","Mixed","ONS 2001 5+585","All","All","Criminal damage and arson","13","85","15.3","%"
"Sentences and custody","2013","Mixed","ONS 2001 5+586","All","All","Drug offences","338","2216","15.3","%"
"Sentences and custody","2013","Mixed","ONS 2001 5+587","All","All","Fraud Offences","31","157","19.7","%"
"Sentences and custody","2013","Mixed","ONS 2001 5+588","All","All","Miscellaneous crimes agains","195","774","25.2","%"
"Sentences and custody","2013","Mixed","ONS 2001 5+589","All","All","Possession of weapons","113","358","31.6","%"
"Sentences and custody","2013","Mixed","ONS 2001 5+590","All","All","Public order offences","111","383","29.0","%"
"Sentences and custody","2013","Mixed","ONS 2001 5+591","All","All","Robbery","202","423","47.8","%"
"Sentences and custody","2013","Mixed","ONS 2001 5+592","All","All","Sexual offences","44","85","51.8","%"
"Sentences and custody","2013","Mixed","ONS 2001 5+593","All","All","Theft Offences","824","2742","30.1","%"
"Sentences and custody","2013","Mixed","ONS 2001 5+594","All","All","Violence against the person","327","646","50.6","%"
"Sentences and custody","2013","Not stated","ONS 2001 5+595","All","All","Criminal damage and arson","79","447","17.7","%"
"Sentences and custody","2013","Not stated","ONS 2001 5+596","All","All","Drug offences","945","4747","19.9","%"
"Sentences and custody","2013","Not stated","ONS 2001 5+597","All","All","Fraud Offences","651","5134","12.7","%"
"Sentences and custody","2013","Not stated","ONS 2001 5+598","All","All","Miscellaneous crimes agains","1395","6772","20.6","%"
"Sentences and custody","2013","Not stated","ONS 2001 5+599","All","All","Possession of weapons","207","703","29.4","%"
"Sentences and custody","2013","Not stated","ONS 2001 5+600","All","All","Public order offences","512","1592","32.2","%"
"Sentences and custody","2013","Not stated","ONS 2001 5+601","All","All","Robbery","408","619","65.9","%"
"Sentences and custody","2013","Not stated","ONS 2001 5+602","All","All","Sexual offences","311","532","58.5","%"
"Sentences and custody","2013","Not stated","ONS 2001 5+603","All","All","Theft Offences","3234","11868","27.2","%"
"Sentences and custody","2013","Not stated","ONS 2001 5+604","All","All","Violence against the person","810","2060","39.3","%"
"Sentences and custody","2013","Other inc Chinese","ONS 2001 5+605","All","All","Criminal damage and arson","8","32","25.0","%"
"Sentences and custody","2013","Other inc Chinese","ONS 2001 5+606","All","All","Drug offences","292","730","40.0","%"
"Sentences and custody","2013","Other inc Chinese","ONS 2001 5+607","All","All","Fraud Offences","62","195","31.8","%"
"Sentences and custody","2013","Other inc Chinese","ONS 2001 5+608","All","All","Miscellaneous crimes agains","220","501","43.9","%"
"Sentences and custody","2013","Other inc Chinese","ONS 2001 5+609","All","All","Possession of weapons","28","113","24.8","%"
"Sentences and custody","2013","Other inc Chinese","ONS 2001 5+610","All","All","Public order offences","40","145","27.6","%"
"Sentences and custody","2013","Other inc Chinese","ONS 2001 5+611","All","All","Robbery","61","105","58.1","%"
"Sentences and custody","2013","Other inc Chinese","ONS 2001 5+612","All","All","Sexual offences","71","122","58.2","%"
"Sentences and custody","2013","Other inc Chinese","ONS 2001 5+613","All","All","Theft Offences","408","1269","32.2","%"
"Sentences and custody","2013","Other inc Chinese","ONS 2001 5+614","All","All","Violence against the person","101","217","46.5","%"
"Sentences and custody","2013","White","ONS 2001 5+615","All","All","Criminal damage and arson","578","3250","17.8","%"
"Sentences and custody","2013","White","ONS 2001 5+616","All","All","Drug offences","5168","37302","13.9","%"
"Sentences and custody","2013","White","ONS 2001 5+617","All","All","Fraud Offences","1308","4998","26.2","%"
"Sentences and custody","2013","White","ONS 2001 5+618","All","All","Miscellaneous crimes agains","5278","22202","23.8","%"
"Sentences and custody","2013","White","ONS 2001 5+619","All","All","Possession of weapons","1814","7088","25.6","%"
"Sentences and custody","2013","White","ONS 2001 5+620","All","All","Public order offences","3579","12405","28.9","%"
"Sentences and custody","2013","White","ONS 2001 5+621","All","All","Robbery","2710","3789","71.5","%"
"Sentences and custody","2013","White","ONS 2001 5+622","All","All","Sexual offences","2451","4063","60.3","%"
"Sentences and custody","2013","White","ONS 2001 5+623","All","All","Theft Offences","24752","96868","25.6","%"
"Sentences and custody","2013","White","ONS 2001 5+624","All","All","Violence against the person","7832","18747","41.8","%"
"Sentences and custody","2014","Asian","ONS 2001 5+625","All","All","Criminal damage and arson","24","73","32.9","%"
"Sentences and custody","2014","Asian","ONS 2001 5+626","All","All","Drug offences","905","3646","24.8","%"
"Sentences and custody","2014","Asian","ONS 2001 5+627","All","All","Fraud Offences","239","674","35.5","%"
"Sentences and custody","2014","Asian","ONS 2001 5+628","All","All","Miscellaneous crimes agains","570","1607","35.5","%"
"Sentences and custody","2014","Asian","ONS 2001 5+629","All","All","Possession of weapons","138","467","29.6","%"
"Sentences and custody","2014","Asian","ONS 2001 5+630","All","All","Public order offences","171","786","21.8","%"
"Sentences and custody","2014","Asian","ONS 2001 5+631","All","All","Robbery","224","396","56.6","%"
"Sentences and custody","2014","Asian","ONS 2001 5+632","All","All","Sexual offences","284","513","55.4","%"
"Sentences and custody","2014","Asian","ONS 2001 5+633","All","All","Theft Offences","828","2973","27.9","%"
"Sentences and custody","2014","Asian","ONS 2001 5+634","All","All","Violence against the person","562","1233","45.6","%"
"Sentences and custody","2014","Black","ONS 2001 5+635","All","All","Criminal damage and arson","26","99","26.3","%"
"Sentences and custody","2014","Black","ONS 2001 5+636","All","All","Drug offences","1392","6891","20.2","%"
"Sentences and custody","2014","Black","ONS 2001 5+637","All","All","Fraud Offences","216","820","26.3","%"
"Sentences and custody","2014","Black","ONS 2001 5+638","All","All","Miscellaneous crimes agains","647","1987","32.6","%"
"Sentences and custody","2014","Black","ONS 2001 5+639","All","All","Possession of weapons","358","1244","28.8","%"
"Sentences and custody","2014","Black","ONS 2001 5+640","All","All","Public order offences","357","1153","31.0","%"
"Sentences and custody","2014","Black","ONS 2001 5+641","All","All","Robbery","528","973","54.3","%"
"Sentences and custody","2014","Black","ONS 2001 5+642","All","All","Sexual offences","239","378","63.2","%"
"Sentences and custody","2014","Black","ONS 2001 5+643","All","All","Theft Offences","1582","5505","28.7","%"
"Sentences and custody","2014","Black","ONS 2001 5+644","All","All","Violence against the person","801","1568","51.1","%"
"Sentences and custody","2014","Mixed","ONS 2001 5+645","All","All","Criminal damage and arson","9","45","20.0","%"
"Sentences and custody","2014","Mixed","ONS 2001 5+646","All","All","Drug offences","276","1886","14.6","%"
"Sentences and custody","2014","Mixed","ONS 2001 5+647","All","All","Fraud Offences","34","157","21.7","%"
"Sentences and custody","2014","Mixed","ONS 2001 5+648","All","All","Miscellaneous crimes agains","197","723","27.2","%"
"Sentences and custody","2014","Mixed","ONS 2001 5+649","All","All","Possession of weapons","110","388","28.4","%"
"Sentences and custody","2014","Mixed","ONS 2001 5+650","All","All","Public order offences","87","370","23.5","%"
"Sentences and custody","2014","Mixed","ONS 2001 5+651","All","All","Robbery","165","328","50.3","%"
"Sentences and custody","2014","Mixed","ONS 2001 5+652","All","All","Sexual offences","38","94","40.4","%"
"Sentences and custody","2014","Mixed","ONS 2001 5+653","All","All","Theft Offences","761","2550","29.8","%"
"Sentences and custody","2014","Mixed","ONS 2001 5+654","All","All","Violence against the person","329","664","49.5","%"
"Sentences and custody","2014","Not stated","ONS 2001 5+655","All","All","Criminal damage and arson","67","286","23.4","%"
"Sentences and custody","2014","Not stated","ONS 2001 5+656","All","All","Drug offences","959","4879","19.7","%"
"Sentences and custody","2014","Not stated","ONS 2001 5+657","All","All","Fraud Offences","640","7131","9.0","%"
"Sentences and custody","2014","Not stated","ONS 2001 5+658","All","All","Miscellaneous crimes agains","1322","6601","20.0","%"
"Sentences and custody","2014","Not stated","ONS 2001 5+659","All","All","Possession of weapons","230","786","29.3","%"
"Sentences and custody","2014","Not stated","ONS 2001 5+660","All","All","Public order offences","528","1877","28.1","%"
"Sentences and custody","2014","Not stated","ONS 2001 5+661","All","All","Robbery","369","531","69.5","%"
"Sentences and custody","2014","Not stated","ONS 2001 5+662","All","All","Sexual offences","410","720","56.9","%"
"Sentences and custody","2014","Not stated","ONS 2001 5+663","All","All","Theft Offences","2929","12080","24.2","%"
"Sentences and custody","2014","Not stated","ONS 2001 5+664","All","All","Violence against the person","934","2459","38.0","%"
"Sentences and custody","2014","Other inc Chinese","ONS 2001 5+665","All","All","Criminal damage and arson","10","21","47.6","%"
"Sentences and custody","2014","Other inc Chinese","ONS 2001 5+666","All","All","Drug offences","213","642","33.2","%"
"Sentences and custody","2014","Other inc Chinese","ONS 2001 5+667","All","All","Fraud Offences","68","183","37.2","%"
"Sentences and custody","2014","Other inc Chinese","ONS 2001 5+668","All","All","Miscellaneous crimes agains","191","443","43.1","%"
"Sentences and custody","2014","Other inc Chinese","ONS 2001 5+669","All","All","Possession of weapons","23","112","20.5","%"
"Sentences and custody","2014","Other inc Chinese","ONS 2001 5+670","All","All","Public order offences","59","142","41.5","%"
"Sentences and custody","2014","Other inc Chinese","ONS 2001 5+671","All","All","Robbery","47","86","54.7","%"
"Sentences and custody","2014","Other inc Chinese","ONS 2001 5+672","All","All","Sexual offences","47","87","54.0","%"
"Sentences and custody","2014","Other inc Chinese","ONS 2001 5+673","All","All","Theft Offences","293","942","31.1","%"
"Sentences and custody","2014","Other inc Chinese","ONS 2001 5+674","All","All","Violence against the person","91","233","39.1","%"
"Sentences and custody","2014","White","ONS 2001 5+675","All","All","Criminal damage and arson","483","1945","24.8","%"
"Sentences and custody","2014","White","ONS 2001 5+676","All","All","Drug offences","5011","33353","15.0","%"
"Sentences and custody","2014","White","ONS 2001 5+677","All","All","Fraud Offences","1101","4370","25.2","%"
"Sentences and custody","2014","White","ONS 2001 5+678","All","All","Miscellaneous crimes agains","5127","20348","25.2","%"
"Sentences and custody","2014","White","ONS 2001 5+679","All","All","Possession of weapons","1796","6990","25.7","%"
"Sentences and custody","2014","White","ONS 2001 5+680","All","All","Public order offences","3618","12730","28.4","%"
"Sentences and custody","2014","White","ONS 2001 5+681","All","All","Robbery","2353","3268","72.0","%"
"Sentences and custody","2014","White","ONS 2001 5+682","All","All","Sexual offences","2669","4441","60.1","%"
"Sentences and custody","2014","White","ONS 2001 5+683","All","All","Theft Offences","23674","92108","25.7","%"
"Sentences and custody","2014","White","ONS 2001 5+684","All","All","Violence against the person","8414","20345","41.4","%"
"Sentences and custody","2015","Asian","ONS 2001 5+685","All","All","Criminal damage and arson","29","69","42.0","%"
"Sentences and custody","2015","Asian","ONS 2001 5+686","All","All","Drug offences","828","3265","25.4","%"
"Sentences and custody","2015","Asian","ONS 2001 5+687","All","All","Fraud Offences","210","601","34.9","%"
"Sentences and custody","2015","Asian","ONS 2001 5+688","All","All","Miscellaneous crimes agains","585","1604","36.5","%"
"Sentences and custody","2015","Asian","ONS 2001 5+689","All","All","Possession of weapons","150","479","31.3","%"
"Sentences and custody","2015","Asian","ONS 2001 5+690","All","All","Public order offences","240","875","27.4","%"
"Sentences and custody","2015","Asian","ONS 2001 5+691","All","All","Robbery","188","314","59.9","%"
"Sentences and custody","2015","Asian","ONS 2001 5+692","All","All","Sexual offences","326","535","60.9","%"
"Sentences and custody","2015","Asian","ONS 2001 5+693","All","All","Theft Offences","795","2750","28.9","%"
"Sentences and custody","2015","Asian","ONS 2001 5+694","All","All","Violence against the person","631","1383","45.6","%"
"Sentences and custody","2015","Black","ONS 2001 5+695","All","All","Criminal damage and arson","23","77","29.9","%"
"Sentences and custody","2015","Black","ONS 2001 5+696","All","All","Drug offences","1318","6350","20.8","%"
"Sentences and custody","2015","Black","ONS 2001 5+697","All","All","Fraud Offences","186","737","25.2","%"
"Sentences and custody","2015","Black","ONS 2001 5+698","All","All","Miscellaneous crimes agains","675","1944","34.7","%"
"Sentences and custody","2015","Black","ONS 2001 5+699","All","All","Possession of weapons","462","1483","31.2","%"
"Sentences and custody","2015","Black","ONS 2001 5+700","All","All","Public order offences","328","1098","29.9","%"
"Sentences and custody","2015","Black","ONS 2001 5+701","All","All","Robbery","456","775","58.8","%"
"Sentences and custody","2015","Black","ONS 2001 5+702","All","All","Sexual offences","237","418","56.7","%"
"Sentences and custody","2015","Black","ONS 2001 5+703","All","All","Theft Offences","1403","4901","28.6","%"
"Sentences and custody","2015","Black","ONS 2001 5+704","All","All","Violence against the person","939","1879","50.0","%"
"Sentences and custody","2015","Mixed","ONS 2001 5+705","All","All","Criminal damage and arson","17","49","34.7","%"
"Sentences and custody","2015","Mixed","ONS 2001 5+706","All","All","Drug offences","318","1861","17.1","%"
"Sentences and custody","2015","Mixed","ONS 2001 5+707","All","All","Fraud Offences","39","166","23.5","%"
"Sentences and custody","2015","Mixed","ONS 2001 5+708","All","All","Miscellaneous crimes agains","223","708","31.5","%"
"Sentences and custody","2015","Mixed","ONS 2001 5+709","All","All","Possession of weapons","129","429","30.1","%"
"Sentences and custody","2015","Mixed","ONS 2001 5+710","All","All","Public order offences","89","367","24.3","%"
"Sentences and custody","2015","Mixed","ONS 2001 5+711","All","All","Robbery","147","253","58.1","%"
"Sentences and custody","2015","Mixed","ONS 2001 5+712","All","All","Sexual offences","48","101","47.5","%"
"Sentences and custody","2015","Mixed","ONS 2001 5+713","All","All","Theft Offences","657","2352","27.9","%"
"Sentences and custody","2015","Mixed","ONS 2001 5+714","All","All","Violence against the person","323","726","44.5","%"
"Sentences and custody","2015","Not stated","ONS 2001 5+715","All","All","Criminal damage and arson","71","346","20.5","%"
"Sentences and custody","2015","Not stated","ONS 2001 5+716","All","All","Drug offences","1119","5314","21.1","%"
"Sentences and custody","2015","Not stated","ONS 2001 5+717","All","All","Fraud Offences","727","6571","11.1","%"
"Sentences and custody","2015","Not stated","ONS 2001 5+718","All","All","Miscellaneous crimes agains","1587","6978","22.7","%"
"Sentences and custody","2015","Not stated","ONS 2001 5+719","All","All","Possession of weapons","343","1142","30.0","%"
"Sentences and custody","2015","Not stated","ONS 2001 5+720","All","All","Public order offences","619","2220","27.9","%"
"Sentences and custody","2015","Not stated","ONS 2001 5+721","All","All","Robbery","316","473","66.8","%"
"Sentences and custody","2015","Not stated","ONS 2001 5+722","All","All","Sexual offences","554","967","57.3","%"
"Sentences and custody","2015","Not stated","ONS 2001 5+723","All","All","Theft Offences","3127","13267","23.6","%"
"Sentences and custody","2015","Not stated","ONS 2001 5+724","All","All","Violence against the person","1145","3249","35.2","%"
"Sentences and custody","2015","Other inc Chinese","ONS 2001 5+725","All","All","Criminal damage and arson","8","23","34.8","%"
"Sentences and custody","2015","Other inc Chinese","ONS 2001 5+726","All","All","Drug offences","203","584","34.8","%"
"Sentences and custody","2015","Other inc Chinese","ONS 2001 5+727","All","All","Fraud Offences","53","154","34.4","%"
"Sentences and custody","2015","Other inc Chinese","ONS 2001 5+728","All","All","Miscellaneous crimes agains","166","422","39.3","%"
"Sentences and custody","2015","Other inc Chinese","ONS 2001 5+729","All","All","Possession of weapons","38","135","28.1","%"
"Sentences and custody","2015","Other inc Chinese","ONS 2001 5+730","All","All","Public order offences","45","162","27.8","%"
"Sentences and custody","2015","Other inc Chinese","ONS 2001 5+731","All","All","Robbery","38","64","59.4","%"
"Sentences and custody","2015","Other inc Chinese","ONS 2001 5+732","All","All","Sexual offences","64","112","57.1","%"
"Sentences and custody","2015","Other inc Chinese","ONS 2001 5+733","All","All","Theft Offences","266","933","28.5","%"
"Sentences and custody","2015","Other inc Chinese","ONS 2001 5+734","All","All","Violence against the person","136","294","46.3","%"
"Sentences and custody","2015","White","ONS 2001 5+735","All","All","Criminal damage and arson","509","1870","27.2","%"
"Sentences and custody","2015","White","ONS 2001 5+736","All","All","Drug offences","4832","28868","16.7","%"
"Sentences and custody","2015","White","ONS 2001 5+737","All","All","Fraud Offences","1105","4291","25.8","%"
"Sentences and custody","2015","White","ONS 2001 5+738","All","All","Miscellaneous crimes agains","4933","18571","26.6","%"
"Sentences and custody","2015","White","ONS 2001 5+739","All","All","Possession of weapons","1955","7080","27.6","%"
"Sentences and custody","2015","White","ONS 2001 5+740","All","All","Public order offences","3513","12366","28.4","%"
"Sentences and custody","2015","White","ONS 2001 5+741","All","All","Robbery","2075","2842","73.0","%"
"Sentences and custody","2015","White","ONS 2001 5+742","All","All","Sexual offences","2877","4714","61.0","%"
"Sentences and custody","2015","White","ONS 2001 5+743","All","All","Theft Offences","21263","78905","26.9","%"
"Sentences and custody","2015","White","ONS 2001 5+744","All","All","Violence against the person","8676","21761","39.9","%"
"Sentences and custody","2016","Asian","ONS 2001 5+745","All","All","Criminal damage and arson","26","79","32.9","%"
"Sentences and custody","2016","Asian","ONS 2001 5+746","All","All","Drug offences","829","3213","25.8","%"
"Sentences and custody","2016","Asian","ONS 2001 5+747","All","All","Fraud Offences","188","514","36.6","%"
"Sentences and custody","2016","Asian","ONS 2001 5+748","All","All","Miscellaneous crimes agains","652","1627","40.1","%"
"Sentences and custody","2016","Asian","ONS 2001 5+749","All","All","Possession of weapons","190","623","30.5","%"
"Sentences and custody","2016","Asian","ONS 2001 5+750","All","All","Public order offences","286","899","31.8","%"
"Sentences and custody","2016","Asian","ONS 2001 5+751","All","All","Robbery","154","258","59.7","%"
"Sentences and custody","2016","Asian","ONS 2001 5+752","All","All","Sexual offences","313","545","57.4","%"
"Sentences and custody","2016","Asian","ONS 2001 5+753","All","All","Theft Offences","728","2503","29.1","%"
"Sentences and custody","2016","Asian","ONS 2001 5+754","All","All","Violence against the person","672","1421","47.3","%"
"Sentences and custody","2016","Black","ONS 2001 5+755","All","All","Criminal damage and arson","24","111","21.6","%"
"Sentences and custody","2016","Black","ONS 2001 5+756","All","All","Drug offences","1458","6786","21.5","%"
"Sentences and custody","2016","Black","ONS 2001 5+757","All","All","Fraud Offences","213","719","29.6","%"
"Sentences and custody","2016","Black","ONS 2001 5+758","All","All","Miscellaneous crimes agains","678","1988","34.1","%"
"Sentences and custody","2016","Black","ONS 2001 5+759","All","All","Possession of weapons","648","1868","34.7","%"
"Sentences and custody","2016","Black","ONS 2001 5+760","All","All","Public order offences","327","1133","28.9","%"
"Sentences and custody","2016","Black","ONS 2001 5+761","All","All","Robbery","358","665","53.8","%"
"Sentences and custody","2016","Black","ONS 2001 5+762","All","All","Sexual offences","241","419","57.5","%"
"Sentences and custody","2016","Black","ONS 2001 5+763","All","All","Theft Offences","1408","4394","32.0","%"
"Sentences and custody","2016","Black","ONS 2001 5+764","All","All","Violence against the person","868","1775","48.9","%"
"Sentences and custody","2016","Mixed","ONS 2001 5+765","All","All","Criminal damage and arson","10","38","26.3","%"
"Sentences and custody","2016","Mixed","ONS 2001 5+766","All","All","Drug offences","320","1567","20.4","%"
"Sentences and custody","2016","Mixed","ONS 2001 5+767","All","All","Fraud Offences","42","135","31.1","%"
"Sentences and custody","2016","Mixed","ONS 2001 5+768","All","All","Miscellaneous crimes agains","205","592","34.6","%"
"Sentences and custody","2016","Mixed","ONS 2001 5+769","All","All","Possession of weapons","171","493","34.7","%"
"Sentences and custody","2016","Mixed","ONS 2001 5+770","All","All","Public order offences","104","365","28.5","%"
"Sentences and custody","2016","Mixed","ONS 2001 5+771","All","All","Robbery","107","186","57.5","%"
"Sentences and custody","2016","Mixed","ONS 2001 5+772","All","All","Sexual offences","51","101","50.5","%"
"Sentences and custody","2016","Mixed","ONS 2001 5+773","All","All","Theft Offences","567","1861","30.5","%"
"Sentences and custody","2016","Mixed","ONS 2001 5+774","All","All","Violence against the person","340","736","46.2","%"
"Sentences and custody","2016","Not stated","ONS 2001 5+775","All","All","Criminal damage and arson","91","372","24.5","%"
"Sentences and custody","2016","Not stated","ONS 2001 5+776","All","All","Drug offences","1484","6291","23.6","%"
"Sentences and custody","2016","Not stated","ONS 2001 5+777","All","All","Fraud Offences","682","5330","12.8","%"
"Sentences and custody","2016","Not stated","ONS 2001 5+778","All","All","Miscellaneous crimes agains","1984","8112","24.5","%"
"Sentences and custody","2016","Not stated","ONS 2001 5+779","All","All","Possession of weapons","543","1673","32.5","%"
"Sentences and custody","2016","Not stated","ONS 2001 5+780","All","All","Public order offences","788","2775","28.4","%"
"Sentences and custody","2016","Not stated","ONS 2001 5+781","All","All","Robbery","359","528","68.0","%"
"Sentences and custody","2016","Not stated","ONS 2001 5+782","All","All","Sexual offences","750","1343","55.8","%"
"Sentences and custody","2016","Not stated","ONS 2001 5+783","All","All","Theft Offences","3789","14251","26.6","%"
"Sentences and custody","2016","Not stated","ONS 2001 5+784","All","All","Violence against the person","1572","4192","37.5","%"
"Sentences and custody","2016","Other inc Chinese","ONS 2001 5+785","All","All","Criminal damage and arson","7","15","46.7","%"
"Sentences and custody","2016","Other inc Chinese","ONS 2001 5+786","All","All","Drug offences","183","572","32.0","%"
"Sentences and custody","2016","Other inc Chinese","ONS 2001 5+787","All","All","Fraud Offences","33","102","32.4","%"
"Sentences and custody","2016","Other inc Chinese","ONS 2001 5+788","All","All","Miscellaneous crimes agains","135","381","35.4","%"
"Sentences and custody","2016","Other inc Chinese","ONS 2001 5+789","All","All","Possession of weapons","55","165","33.3","%"
"Sentences and custody","2016","Other inc Chinese","ONS 2001 5+790","All","All","Public order offences","27","115","23.5","%"
"Sentences and custody","2016","Other inc Chinese","ONS 2001 5+791","All","All","Robbery","28","45","62.2","%"
"Sentences and custody","2016","Other inc Chinese","ONS 2001 5+792","All","All","Sexual offences","72","119","60.5","%"
"Sentences and custody","2016","Other inc Chinese","ONS 2001 5+793","All","All","Theft Offences","194","746","26.0","%"
"Sentences and custody","2016","Other inc Chinese","ONS 2001 5+794","All","All","Violence against the person","93","219","42.5","%"
"Sentences and custody","2016","White","ONS 2001 5+795","All","All","Criminal damage and arson","473","1640","28.8","%"
"Sentences and custody","2016","White","ONS 2001 5+796","All","All","Drug offences","4586","23402","19.6","%"
"Sentences and custody","2016","White","ONS 2001 5+797","All","All","Fraud Offences","1048","3658","28.6","%"
"Sentences and custody","2016","White","ONS 2001 5+798","All","All","Miscellaneous crimes agains","5154","17785","29.0","%"
"Sentences and custody","2016","White","ONS 2001 5+799","All","All","Possession of weapons","2355","7185","32.8","%"
"Sentences and custody","2016","White","ONS 2001 5+800","All","All","Public order offences","3260","11278","28.9","%"
"Sentences and custody","2016","White","ONS 2001 5+801","All","All","Robbery","1823","2376","76.7","%"
"Sentences and custody","2016","White","ONS 2001 5+802","All","All","Sexual offences","2996","4948","60.5","%"
"Sentences and custody","2016","White","ONS 2001 5+803","All","All","Theft Offences","18845","64656","29.1","%"
"Sentences and custody","2016","White","ONS 2001 5+804","All","All","Violence against the person","8357","20622","40.5","%"
"Sentences and custody","2017","Asian","ONS 2001 5+805","All","All","Criminal damage and arson","25","59","42.4","%"
"Sentences and custody","2017","Asian","ONS 2001 5+806","All","All","Drug offences","790","2913","27.1","%"
"Sentences and custody","2017","Asian","ONS 2001 5+807","All","All","Fraud Offences","163","394","41.4","%"
"Sentences and custody","2017","Asian","ONS 2001 5+808","All","All","Miscellaneous crimes agains","582","1480","39.3","%"
"Sentences and custody","2017","Asian","ONS 2001 5+809","All","All","Possession of weapons","262","743","35.3","%"
"Sentences and custody","2017","Asian","ONS 2001 5+810","All","All","Public order offences","211","753","28.0","%"
"Sentences and custody","2017","Asian","ONS 2001 5+811","All","All","Robbery","147","230","63.9","%"
"Sentences and custody","2017","Asian","ONS 2001 5+812","All","All","Sexual offences","232","433","53.6","%"
"Sentences and custody","2017","Asian","ONS 2001 5+813","All","All","Theft Offences","717","2143","33.5","%"
"Sentences and custody","2017","Asian","ONS 2001 5+814","All","All","Violence against the person","629","1365","46.1","%"
"Sentences and custody","2017","Black","ONS 2001 5+815","All","All","Criminal damage and arson","23","76","30.3","%"
"Sentences and custody","2017","Black","ONS 2001 5+816","All","All","Drug offences","1393","6084","22.9","%"
"Sentences and custody","2017","Black","ONS 2001 5+817","All","All","Fraud Offences","184","570","32.3","%"
"Sentences and custody","2017","Black","ONS 2001 5+818","All","All","Miscellaneous crimes agains","615","1761","34.9","%"
"Sentences and custody","2017","Black","ONS 2001 5+819","All","All","Possession of weapons","776","2050","37.9","%"
"Sentences and custody","2017","Black","ONS 2001 5+820","All","All","Public order offences","336","1222","27.5","%"
"Sentences and custody","2017","Black","ONS 2001 5+821","All","All","Robbery","321","589","54.5","%"
"Sentences and custody","2017","Black","ONS 2001 5+822","All","All","Sexual offences","263","437","60.2","%"
"Sentences and custody","2017","Black","ONS 2001 5+823","All","All","Theft Offences","1179","3576","33.0","%"
"Sentences and custody","2017","Black","ONS 2001 5+824","All","All","Violence against the person","911","1777","51.3","%"
"Sentences and custody","2017","Mixed","ONS 2001 5+825","All","All","Criminal damage and arson","10","29","34.5","%"
"Sentences and custody","2017","Mixed","ONS 2001 5+826","All","All","Drug offences","304","1407","21.6","%"
"Sentences and custody","2017","Mixed","ONS 2001 5+827","All","All","Fraud Offences","29","104","27.9","%"
"Sentences and custody","2017","Mixed","ONS 2001 5+828","All","All","Miscellaneous crimes agains","186","526","35.4","%"
"Sentences and custody","2017","Mixed","ONS 2001 5+829","All","All","Possession of weapons","149","471","31.6","%"
"Sentences and custody","2017","Mixed","ONS 2001 5+830","All","All","Public order offences","86","311","27.7","%"
"Sentences and custody","2017","Mixed","ONS 2001 5+831","All","All","Robbery","110","186","59.1","%"
"Sentences and custody","2017","Mixed","ONS 2001 5+832","All","All","Sexual offences","53","94","56.4","%"
"Sentences and custody","2017","Mixed","ONS 2001 5+833","All","All","Theft Offences","475","1490","31.9","%"
"Sentences and custody","2017","Mixed","ONS 2001 5+834","All","All","Violence against the person","302","652","46.3","%"
"Sentences and custody","2017","Not stated","ONS 2001 5+835","All","All","Criminal damage and arson","98","414","23.7","%"
"Sentences and custody","2017","Not stated","ONS 2001 5+836","All","All","Drug offences","1771","7023","25.2","%"
"Sentences and custody","2017","Not stated","ONS 2001 5+837","All","All","Fraud Offences","654","5567","11.7","%"
"Sentences and custody","2017","Not stated","ONS 2001 5+838","All","All","Miscellaneous crimes agains","2271","8675","26.2","%"
"Sentences and custody","2017","Not stated","ONS 2001 5+839","All","All","Possession of weapons","705","2032","34.7","%"
"Sentences and custody","2017","Not stated","ONS 2001 5+840","All","All","Public order offences","890","3159","28.2","%"
"Sentences and custody","2017","Not stated","ONS 2001 5+841","All","All","Robbery","415","706","58.8","%"
"Sentences and custody","2017","Not stated","ONS 2001 5+842","All","All","Sexual offences","785","1395","56.3","%"
"Sentences and custody","2017","Not stated","ONS 2001 5+843","All","All","Theft Offences","3910","14782","26.5","%"
"Sentences and custody","2017","Not stated","ONS 2001 5+844","All","All","Violence against the person","1939","4967","39.0","%"
"Sentences and custody","2017","Other inc Chinese","ONS 2001 5+845","All","All","Criminal damage and arson","2","15","13.3","%"
"Sentences and custody","2017","Other inc Chinese","ONS 2001 5+846","All","All","Drug offences","123","454","27.1","%"
"Sentences and custody","2017","Other inc Chinese","ONS 2001 5+847","All","All","Fraud Offences","34","99","34.3","%"
"Sentences and custody","2017","Other inc Chinese","ONS 2001 5+848","All","All","Miscellaneous crimes agains","144","332","43.4","%"
"Sentences and custody","2017","Other inc Chinese","ONS 2001 5+849","All","All","Possession of weapons","54","150","36.0","%"
"Sentences and custody","2017","Other inc Chinese","ONS 2001 5+850","All","All","Public order offences","37","127","29.1","%"
"Sentences and custody","2017","Other inc Chinese","ONS 2001 5+851","All","All","Robbery","25","43","58.1","%"
"Sentences and custody","2017","Other inc Chinese","ONS 2001 5+852","All","All","Sexual offences","59","107","55.1","%"
"Sentences and custody","2017","Other inc Chinese","ONS 2001 5+853","All","All","Theft Offences","195","657","29.7","%"
"Sentences and custody","2017","Other inc Chinese","ONS 2001 5+854","All","All","Violence against the person","103","236","43.6","%"
"Sentences and custody","2017","White","ONS 2001 5+855","All","All","Criminal damage and arson","454","1361","33.4","%"
"Sentences and custody","2017","White","ONS 2001 5+856","All","All","Drug offences","3957","19336","20.5","%"
"Sentences and custody","2017","White","ONS 2001 5+857","All","All","Fraud Offences","988","3422","28.9","%"
"Sentences and custody","2017","White","ONS 2001 5+858","All","All","Miscellaneous crimes agains","4770","15700","30.4","%"
"Sentences and custody","2017","White","ONS 2001 5+859","All","All","Possession of weapons","2498","7270","34.4","%"
"Sentences and custody","2017","White","ONS 2001 5+860","All","All","Public order offences","3388","11192","30.3","%"
"Sentences and custody","2017","White","ONS 2001 5+861","All","All","Robbery","1760","2225","79.1","%"
"Sentences and custody","2017","White","ONS 2001 5+862","All","All","Sexual offences","2686","4410","60.9","%"
"Sentences and custody","2017","White","ONS 2001 5+863","All","All","Theft Offences","17169","54948","31.2","%"
"Sentences and custody","2017","White","ONS 2001 5+864","All","All","Violence against the person","7835","18970","41.3","%"
